id,domain,status,purchase_price,renewal_price,attractiveness,demand,length,registrar,created_at,expires_at,status_verified_at
aa07674d-745e-4c2d-a15a-c3c00ab14db0,verdant.bargains,available,14.98,37.98,high,low,7,namecheap,,,13/09/2026 02:22
3c9ecbdc-97a7-48d3-8d75-1c89989097cb,narrowed.bargains,available,14.98,37.98,high,low,8,namecheap,,,03/09/2026 13:27
b9e13a40-ce94-4176-b0d3-c897b8c5f800,aba.bargains,available,21.99,43.99,high,low,3,name.com,,,16/09/2026 13:42
b3bdfe40-11df-4c0a-9771-857a5aa6bf5f,outta.bargains,available,13.14,23.94,medium,low,5,spaceship,,,29/09/2026 20:53
2fdbb31f-3943-4b74-90d5-7238ae85dcfa,emergencies.bargains,available,11.84,24.2,medium,low,11,porkbun,,,29/09/2026 16:56
5d87da54-58d0-49cc-8466-5a74b871f930,plate.bargains,available,14.98,37.98,high,low,5,namecheap,,,29/09/2026 10:15
03f596a3-6233-4107-8679-f9c6f601ab2e,viscid.bargains,available,14.98,37.98,medium,low,6,namecheap,,,20/08/2026 15:23
9f55d82a-a165-4862-b197-a9926bc0f934,platonic.bargains,available,14.98,37.98,high,low,8,namecheap,,,08/09/2026 20:53
97e50db9-db4f-47f4-96c4-36dcbc4108f9,buddy.bargains,available,17,,high,medium,5,unstoppable,,,29/09/2026 05:01
e510adda-4be2-482c-b2b2-5da01b47ceef,rarely.bargains,available,14.98,37.98,medium,low,6,namecheap,,,15/09/2026 22:32
a0c19d06-acc7-4265-ac3a-f4b9965cd964,kda.bargains,available,14.98,37.98,medium,low,3,namecheap,,,29/09/2026 17:27
68625f4a-1ec8-4194-9a1b-887338f6b771,lid.bargains,available,17.99,26.49,high,low,3,namesilo,,,24/09/2026 13:43
c8c5f316-8bbe-47f8-86bd-3f7ecb77063c,doubts.bargains,available,13.14,23.94,low,low,6,spaceship,,,28/09/2026 04:45
5d16ab5a-770d-4da2-a93c-ca4281f290c0,horary.bargains,available,14.98,37.98,medium,low,6,namecheap,,,21/08/2026 13:58
2439775c-b27d-4339-94a8-099a701a8da6,miri.bargains,available,17.99,26.49,high,low,4,namesilo,,,16/09/2026 16:35
c0fb3f73-9974-464b-9c02-c8c47ccba8b5,unassuming.bargains,available,23.2,23.2,high,low,10,cloudflare,,,27/09/2026 13:26
9cdd1464-a2f9-4796-a658-6162b480f2d5,chaldean.bargains,available,14.98,37.98,medium,low,8,namecheap,,,12/08/2026 01:26
9cfb0573-5250-4f36-baf8-608754dcd16b,packable.bargains,available,14.98,37.98,medium,low,8,namecheap,,,04/09/2026 22:41
21167cd9-0d90-429f-9fff-a4d3592a7a0f,commissions.bargains,available,23.2,23.2,medium,low,11,cloudflare,,,01/10/2026 00:07
8ae47352-1e2b-4c11-9f8e-84a6c08cdb5d,lutz.bargains,available,14.98,37.98,medium,low,4,namecheap,,,28/09/2026 15:40
b858dbd8-0d4b-4bd4-a6f9-af5dd3b355f9,qin.bargains,available,13.14,23.94,medium,low,3,spaceship,,,28/09/2026 13:41
6645c8c8-3fc9-4476-af07-4dbe593a6fef,picked.bargains,available,21.99,,high,low,6,name.com,,,
c19a252d-f7cb-4b33-af82-4106239992c6,ards.bargains,available,17.99,26.49,medium,low,4,namesilo,,,17/09/2026 10:14
3f33f5f7-bb2a-43cc-a36c-fb80f2c71b2f,birdseed.bargains,available,14.98,37.98,high,low,8,namecheap,,,23/09/2026 19:50
536c61b2-485c-4ab4-b86e-b6e6db773444,tucked.bargains,available,14.98,37.98,high,low,6,namecheap,,,11/09/2026 21:02
89995319-0bb0-4a3e-97da-1d612feca4ad,paunchy.bargains,available,14.98,37.98,medium,low,7,namecheap,,,
e15bda9f-e1aa-4deb-8ca2-9bd018299352,mena.bargains,available,17,,high,low,4,unstoppable,,,29/09/2026 22:04
a80860fd-ff5b-48c2-8203-e8035972a32c,correction.bargains,available,23.2,23.2,medium,low,10,cloudflare,,,28/09/2026 09:23
7a26d7b3-4e88-4cbd-ba76-3c685d3f0840,particular.bargains,available,14.98,37.98,high,low,10,namecheap,,,24/09/2026 18:23
44bd552b-003a-49e8-9d86-19aba0ff255d,proximity.bargains,available,13.14,23.94,high,low,9,spaceship,,,29/09/2026 19:29
f097bb73-a9d9-427a-af72-cde94ba7961b,orbicular.bargains,available,14.98,37.98,medium,low,9,namecheap,,,08/08/2026 10:11
a38aabf2-afc7-4630-9331-00c14998b029,swelling.bargains,available,17.99,26.49,high,low,8,namesilo,,,24/09/2026 11:05
de44e675-fb56-4477-8c25-1ead06c62d6c,theoretic.bargains,available,14.98,37.98,medium,low,9,namecheap,,,11/09/2026 12:54
b28c656f-9879-4def-bcda-2ef29f780603,tunnel.bargains,available,17.99,26.49,high,low,6,namesilo,,,25/09/2026 03:48
ef1e1efb-e2be-495d-87f2-547876496dca,parkway.bargains,available,11.84,24.2,medium,low,7,porkbun,,,30/09/2026 10:48
1202c90b-20d4-42ba-a162-ce2d11b1ca9d,radios.bargains,available,17.99,26.49,medium,low,6,namesilo,,,18/09/2026 23:09
7dcab602-bb26-4777-b5d5-5505de63f0a0,responded.bargains,available,14.98,37.98,medium,low,9,namecheap,,,18/09/2026 18:02
cea9863b-4d60-485a-a4c0-018cdefa64c5,pursue.bargains,available,13.14,23.94,high,low,6,spaceship,,,28/09/2026 06:57
965fe7fe-cab3-4b41-b2c3-e5d44e3467b0,lamp.bargains,available,17.99,26.49,high,low,4,namesilo,,,30/09/2026 01:59
3462f825-a9cd-4017-a3f1-6490e6fcd860,adults.bargains,available,14.98,37.98,medium,low,6,namecheap,,,27/09/2026 09:52
b1195135-6c62-4659-b897-a79239684003,starboard.bargains,available,14.98,37.98,high,low,9,namecheap,,,10/09/2026 18:46
9131190e-5b3e-4928-93c6-3d55926b432f,sparks.bargains,available,11.96,24.83,high,low,6,dynadot,,,28/09/2026 12:19
6248a202-da12-41e5-93ff-97d7c8489d85,zoological.bargains,available,14.98,37.98,high,low,10,namecheap,,,13/09/2026 15:33
6ed52071-86cf-44d0-817d-1ed06dc34b1a,victuals.bargains,available,14.98,37.98,medium,low,8,namecheap,,,12/08/2026 18:52
f023fc2a-4ef3-49fd-a49e-096efb3e05d5,abraham.bargains,available,17.99,26.49,high,low,7,namesilo,,,16/09/2026 16:50
d80d526d-4667-407f-9a3f-301010d0ec8e,papa.bargains,available,17.99,26.49,high,low,4,namesilo,,,27/09/2026 04:37
d9806754-5c66-4787-bc4a-28521735171c,mirror.bargains,available,14.98,37.98,high,low,6,namecheap,,,30/09/2026 04:41
1bed65ec-e86c-476e-a8ba-3bd979b8bc95,aesthesis.bargains,available,17.99,26.49,medium,low,9,namesilo,,,17/09/2026 13:32
de15a9b9-4715-42dc-8bd2-036361c232e4,rabbi.bargains,available,17.99,26.49,high,low,5,namesilo,,,28/09/2026 15:11
160ef891-9e14-4235-983c-a908d48fbd75,darn.bargains,available,21.99,43.99,high,low,4,name.com,,,13/08/2026 16:10
bcdbcc21-498d-415f-b765-f9dcc7e06e21,usc.bargains,available,17.99,26.49,high,low,3,namesilo,,,25/09/2026 14:13
c9ebc267-c9d4-4cb4-9ab8-869ff21459d7,township.bargains,available,23.2,23.2,high,low,8,cloudflare,,,30/09/2026 19:01
1b360538-d01a-47e9-b95b-69cc065ef4f0,dazzling.bargains,available,14.98,37.98,high,low,8,namecheap,,,10/08/2026 13:44
86bfed9e-4b2b-425d-8fb2-c2231d97f5fb,acantha.bargains,available,14.98,37.98,medium,low,7,namecheap,,,16/09/2026 20:38
bcd3cf1a-2f2b-4266-91b1-1115020bd011,achiever.bargains,available,17,,high,low,8,unstoppable,,,28/09/2026 17:48
5b1fce1a-9654-476c-a582-c4db5887c583,prioritize.bargains,available,23.2,23.2,high,low,10,cloudflare,,,30/09/2026 21:21
3b6e7b98-6da7-4a0d-bfb3-63aaba1598d1,clan.bargains,available,14.98,37.98,high,low,4,namecheap,,,22/08/2026 16:05
07a94f4e-856f-4cf6-9e2a-8a22f8c4390e,library.bargains,available,14.98,37.98,high,low,7,namecheap,,,28/09/2026 08:46
1cc508bb-c545-4f3e-af0f-2890b02810a8,dared.bargains,available,13.14,23.94,medium,low,5,spaceship,,,29/09/2026 16:49
61d844ee-317b-476a-b0ef-1505c2b661ad,smoothed.bargains,available,14.98,37.98,medium,low,8,namecheap,,,10/09/2026 12:07
0b6197cb-c88f-4efe-a5b8-b0556d46c436,okra.bargains,available,14.98,37.98,high,low,4,namecheap,,,16/09/2026 15:04
b4881d25-e0c0-492e-a978-1d432fd956f3,atenolol.bargains,available,14.98,37.98,medium,low,8,namecheap,,,20/09/2026 20:09
868932d4-d7ad-47d1-a450-9cf1d0f271e0,bombing.bargains,available,13.14,23.94,medium,low,7,spaceship,,,27/09/2026 11:45
cc34a9e1-0453-42ad-a60c-8516af4b6932,yamaguchi.bargains,available,14.98,37.98,medium,low,9,namecheap,,,29/09/2026 23:46
70efb03e-6b15-4971-8086-98f986fad1bb,unbelievable.bargains,available,17.99,26.49,high,low,12,namesilo,,,28/09/2026 07:08
eb552c7b-f026-4319-a404-65534fad37b7,viatical.bargains,available,14.98,37.98,medium,low,8,namecheap,,,13/09/2026 05:03
708fd2b7-03ef-4cf7-9a7d-1d15a07024e3,sadly.bargains,available,14.98,37.98,medium,low,5,namecheap,,,14/09/2026 11:52
e77aaaaf-9dbe-4d16-9a0f-eb5d9632a3b3,howard.bargains,available,17.99,26.49,high,low,6,namesilo,,,25/09/2026 04:08
a57e8a0f-987b-456f-8ffb-9c6a5e749df7,quash.bargains,available,14.98,37.98,high,low,5,namecheap,,,13/09/2026 06:42
e5989fa9-3af4-483e-bffe-ebdde4ae1255,trillion.bargains,available,14.98,37.98,high,low,8,namecheap,,,11/09/2026 19:49
28f6cde7-d333-4ee1-b809-80ef1124918b,marlene.bargains,available,13.14,23.94,medium,low,7,spaceship,,,28/09/2026 22:01
8b2e6b0f-4d79-4c03-aa65-0611980456d9,argentic.bargains,available,14.98,37.98,medium,low,8,namecheap,,,06/08/2026 18:06
6dd6ec64-8758-470d-a4c0-582e904ae310,wassermann.bargains,available,17.99,26.49,high,low,10,namesilo,,,21/09/2026 03:49
f9a893a4-c514-4183-b346-a055bad6fd31,perished.bargains,available,17.99,26.49,low,low,8,namesilo,,,29/09/2026 23:59
c2284011-721e-4c36-9b56-1331f3a4f942,elects.bargains,available,17.99,26.49,medium,low,6,namesilo,,,21/09/2026 04:31
9db58f1c-fa3c-40a1-82fc-85bbad05dda8,alters.bargains,available,17.99,26.49,medium,low,6,namesilo,,,20/09/2026 13:23
507a59ea-c4f9-41ef-aad7-fc2578fcf470,revolution.bargains,available,11.96,24.83,high,low,10,dynadot,,,29/09/2026 21:55
7dc63075-b584-48e9-9f0f-bc027a48d73d,nature.bargains,available,14.98,37.98,high,low,6,namecheap,,,08/09/2026 02:43
4cc1e0f1-a863-4bb3-9492-571c0f17bef4,undigested.bargains,available,14.98,37.98,medium,low,10,namecheap,,,12/09/2026 08:01
274f523e-4597-4850-8cea-5d04d7c7d666,cumulative.bargains,available,14.98,37.98,high,low,10,namecheap,,,
38189c83-ac4f-4b54-8d9d-825c4044cf5b,shareholder.bargains,available,17.99,26.49,high,low,11,namesilo,,,30/09/2026 03:52
6487c9cf-c01c-4d1d-99ba-8880a514d3d3,molal.bargains,available,14.98,37.98,medium,low,5,namecheap,,,25/08/2026 03:31
ed3a8bae-70e9-4e80-85ba-885d9e0998e1,transmitted.bargains,available,17.99,26.49,medium,low,11,namesilo,,,16/09/2026 07:54
65c28d54-4989-4f78-a4c8-da2d2d6b0101,accessed.bargains,available,14.98,37.98,medium,low,8,namecheap,,,29/09/2026 16:22
128af048-3621-464d-b91f-287dd46355d5,though.bargains,available,17.99,26.49,medium,low,6,namesilo,,,16/09/2026 08:58
609ca481-3ca4-4883-9c9f-20ce48edcb2c,arak.bargains,available,17.99,26.49,medium,low,4,namesilo,,,19/09/2026 23:47
303905c8-3780-4252-981c-2d3921beae3a,err.bargains,available,13.14,23.94,high,low,3,spaceship,,,30/09/2026 19:13
f914df9b-acac-41a7-ac3c-352b44dc917d,bacterial.bargains,available,17.99,26.49,high,low,9,namesilo,,,22/09/2026 16:00
52a2801e-6a1b-4dc1-bc84-a889777bee29,yarn.bargains,available,17.99,26.49,high,low,4,namesilo,,,29/09/2026 07:56
01f98927-aa3b-4690-86de-c2036d3b79f9,oranges.bargains,available,13.14,23.94,medium,low,7,spaceship,,,29/09/2026 23:38
bbdf896b-4bbf-4825-8387-2e1a63800edb,forested.bargains,available,14.98,37.98,high,low,8,namecheap,,,18/08/2026 11:43
c5c9fd38-e069-46a3-9a43-cc78900d782e,newcastle.bargains,available,17,,high,low,9,unstoppable,,,30/09/2026 10:35
5913f0ea-966e-49d2-942a-9bba20eaed77,cheered.bargains,available,17.99,26.49,medium,low,7,namesilo,,,30/09/2026 15:15
82917d95-3f6d-4e44-9736-a781845e577a,tim.bargains,available,14.98,37.98,high,medium,3,namecheap,,,25/09/2026 11:26
a863562d-e76f-41fe-b183-e8ff5b5f2cfa,tsa.bargains,available,11.84,24.2,high,low,3,porkbun,,,30/09/2026 19:01
4b2eafb3-d041-4f95-9d35-5b782e971a6b,forks.bargains,available,13.14,23.94,medium,low,5,spaceship,,,29/09/2026 05:49
18a39d17-8a1d-4705-a279-862730c782c4,aware.bargains,available,14.98,37.98,high,low,5,namecheap,,,25/09/2026 20:16
f13753dd-fda0-4066-9579-1b34886a3df4,buckram.bargains,available,14.98,37.98,medium,low,7,namecheap,,,11/08/2026 07:31
c4ca0be0-1510-48c3-9167-d903d2ae05e3,counties.bargains,available,17.99,26.49,medium,low,8,namesilo,,,30/09/2026 22:53
fdc82cc5-e737-47ea-b2d3-585b35b729d0,skeptical.bargains,available,14.98,37.98,medium,low,9,namecheap,,,14/08/2026 09:34
c6c3e6de-4a00-4acf-a198-902ef5b42e5d,upfront.bargains,available,14.98,37.98,high,low,7,namecheap,,,12/09/2026 23:09
e798b0cf-c6e3-446d-8847-78969caa1c00,creatively.bargains,available,13.14,23.94,medium,low,10,spaceship,,,28/09/2026 14:25
8ffae79e-c37c-4041-bfbd-02ef57ac430a,pettifog.bargains,available,17.99,26.49,medium,low,8,namesilo,,,23/09/2026 13:20
181e61e4-2777-40d8-acea-87b841a793be,jorge.bargains,available,14.98,37.98,high,low,5,namecheap,,,25/09/2026 13:21
4db53528-e9b6-4917-9239-db0eec23c821,influent.bargains,available,14.98,37.98,high,low,8,namecheap,,,22/08/2026 04:36
f7662366-dbc2-4402-801d-fbcf4785ec41,metz.bargains,available,14.98,37.98,high,low,4,namecheap,,,27/09/2026 07:39
56331fba-c902-43f9-bc6f-818943133827,nonuniform.bargains,available,14.98,37.98,medium,low,10,namecheap,,,22/08/2026 05:15
96ab26d0-dc58-4e34-aedb-096dd2b3e963,dike.bargains,available,14.98,37.98,medium,low,4,namecheap,,,11/08/2026 11:33
e12dd3db-2a09-4291-961f-347db71c8ec4,dmitry.bargains,available,13.14,23.94,high,low,6,spaceship,,,29/09/2026 15:33
ef865f1f-3f83-4f7c-bb26-eec8458ea9ae,walnut.bargains,available,17,,high,medium,6,unstoppable,,,28/09/2026 20:45
a550fb12-6005-4b65-8282-b49569a14e9d,maximize.bargains,available,11.96,24.83,high,low,8,dynadot,,,29/09/2026 20:44
93daede4-fed4-4b09-92bb-1f3d6c30bcfd,corpus.bargains,available,17.99,26.49,high,low,6,namesilo,,,30/09/2026 16:48
b1753614-2293-4dce-86ce-8bd920fad4ae,flighty.bargains,available,14.98,37.98,medium,low,7,namecheap,,,18/08/2026 08:11
caf6a92f-a722-43a1-9791-a3a32f88f888,barycenter.bargains,available,14.98,37.98,medium,low,10,namecheap,,,22/09/2026 09:39
df4ec776-a014-4b29-8e35-de438e35ed5c,appraisal.bargains,available,17.99,26.49,high,low,9,namesilo,,,19/09/2026 22:07
d1b39fa7-6827-4e74-82b0-73a905101852,gage.bargains,available,14.98,37.98,high,low,4,namecheap,,,18/08/2026 19:51
26a8d2b6-641c-4dde-b2d1-2eb3153273b2,windsor.bargains,available,17,,high,low,7,unstoppable,,,29/09/2026 23:04
948c7220-e3f0-4f14-a4c6-e561b6545b43,veined.bargains,available,14.98,37.98,medium,low,6,namecheap,,,13/09/2026 01:53
fdebab63-213a-4997-8332-1fb574f0fb5c,apnea.bargains,available,14.98,37.98,medium,low,5,namecheap,,,19/09/2026 18:04
57d763f9-ed14-4510-b2be-972b2f3eea2a,lorry.bargains,available,11.96,24.83,high,low,5,dynadot,,,29/09/2026 06:05
99283aa7-b2ae-4915-8bad-b350447cb9de,chains.bargains,available,17.99,26.49,high,low,6,namesilo,,,27/09/2026 12:26
6ba7b9a3-9ebc-4527-806c-51fcff8dc745,razorback.bargains,available,14.98,37.98,high,low,9,namecheap,,,09/09/2026 10:48
9253d04c-beb6-4637-acb0-f066531cd089,shouts.bargains,available,17.99,26.49,medium,low,6,namesilo,,,18/09/2026 07:00
07555c15-9d90-42d6-9251-065181b4f59b,chanting.bargains,available,17.99,26.49,high,low,8,namesilo,,,28/09/2026 18:40
05bad7a1-d9f2-4367-bbb8-ff3631d8da2a,goodenough.bargains,available,21.99,,high,low,11,name.com,,,
45c7bbff-4916-4677-be20-7dbe5841cb99,clients.bargains,available,11.84,24.2,high,low,7,porkbun,,,30/09/2026 15:50
c26ac5e1-4235-4047-9d44-2efcaead7fed,ciliary.bargains,available,14.98,37.98,medium,low,7,namecheap,,,12/08/2026 08:04
feb7470a-bf1b-4436-8b78-001a0b9e7e70,chronicle.bargains,available,17.99,26.49,high,low,9,namesilo,,,16/09/2026 23:05
a1bb8502-ee16-45fc-b27c-f38155e1c00b,indifferent.bargains,available,23.2,23.2,high,low,11,cloudflare,,,01/10/2026 02:00
2524eeb6-a0e7-48a8-b56c-3217ae2a2d59,previous.bargains,available,11.96,24.83,high,low,8,dynadot,,,01/10/2026 02:56
f4a158d4-e260-4d4b-b01f-0f554d750d09,clanking.bargains,available,14.98,37.98,medium,low,8,namecheap,,,12/08/2026 09:33
e42ddaa2-94f6-4900-b79c-626318a3979e,pertinence.bargains,available,17.99,26.49,medium,low,10,namesilo,,,19/09/2026 21:52
d280707d-8ffc-4daf-92f8-4f43c4d85d5f,mooch.bargains,available,14.98,37.98,medium,low,5,namecheap,,,11/08/2026 09:27
417cf0b1-a6d8-43ab-bcc3-8a919877f411,aside.bargains,available,13.14,23.94,high,low,5,spaceship,,,28/09/2026 12:23
43e8c584-943c-4542-ba31-e71ba33971d8,collapsed.bargains,available,21.99,43.99,low,low,9,name.com,,,20/09/2026 18:10
0c7b66ba-3c85-4c38-b062-174a97353acd,robinson.bargains,available,23.2,23.2,high,low,8,cloudflare,,,27/09/2026 13:17
a313dfdd-ae26-4601-a8af-e03ce5102f91,energies.bargains,available,17.99,26.49,medium,low,8,namesilo,,,30/09/2026 06:48
6ca1abd0-cdcf-4f25-aa4a-c6ba85cabf5b,begins.bargains,available,14.98,37.98,medium,low,6,namecheap,,,25/09/2026 20:45
319a1963-06e3-4a70-8fb8-8768d5fc7327,crumpled.bargains,available,14.98,37.98,medium,low,8,namecheap,,,13/08/2026 09:06
144bdbd3-07b0-4afb-9674-caddaa0b696f,viewer.bargains,available,23.2,23.2,high,low,6,cloudflare,,,30/09/2026 03:13
dcbc6209-6fa3-4671-aa1a-e0d03354c0f1,claws.bargains,available,17.99,26.49,medium,low,5,namesilo,,,28/09/2026 17:19
ae32f3e9-59ee-4011-b02b-aebac29d31a8,gaze.bargains,available,13.14,23.94,high,low,4,spaceship,,,28/09/2026 19:17
7fb88a95-318e-4d9b-b81e-047ba1428ffb,staff.bargains,available,13.14,23.94,high,low,5,spaceship,,,30/09/2026 22:23
09d7f114-2ba7-4c45-9469-d41c11cdde58,flattered.bargains,available,17,,high,low,9,unstoppable,,,29/09/2026 14:41
297e20b9-18ae-4bf6-a5dc-e1f257a06ded,napoleonic.bargains,available,14.98,37.98,medium,low,10,namecheap,,,03/09/2026 13:00
d01a330c-9126-449c-bd08-568a8a7216cd,aviary.bargains,available,14.98,37.98,high,low,6,namecheap,,,21/09/2026 09:22
7e0bd6fa-e9dd-4c43-a628-16097268b09a,levine.bargains,available,17.99,26.49,medium,low,6,namesilo,,,25/09/2026 16:14
261e8de0-2542-478e-92e1-6619a13d1b87,snuff.bargains,available,14.98,37.98,high,low,5,namecheap,,,12/08/2026 07:39
d1a97f27-fcfe-45a6-8c13-fe0a91d982f6,patrons.bargains,available,17.99,26.49,high,low,7,namesilo,,,30/09/2026 14:47
14070dca-9699-4c09-b561-f80cd2244f11,piggyback.bargains,available,14.98,37.98,high,low,9,namecheap,,,15/09/2026 19:45
38b9a887-964a-431c-a4a1-5660a6559b98,spheric.bargains,available,14.98,37.98,medium,low,7,namecheap,,,08/08/2026 10:16
5e098e00-916b-41d0-8b8b-70c491209877,tethered.bargains,available,14.98,37.98,medium,low,8,namecheap,,,11/09/2026 12:10
e1b74e09-d0bf-49d3-bb34-bf202da7bb64,askew.bargains,available,14.98,37.98,medium,low,5,namecheap,,,07/08/2026 03:31
f7cbbc12-0f4f-4196-959e-9635462bf07f,newtonian.bargains,available,14.98,37.98,medium,low,9,namecheap,,,03/09/2026 16:55
6a3ed080-04b8-44e9-8a75-76a26be2957c,platinum.bargains,available,14.98,37.98,high,low,8,namecheap,,,20/09/2026 23:50
1a867be7-d79b-42d0-9c5d-d079b4e04ccc,jowly.bargains,available,14.98,37.98,medium,low,5,namecheap,,,14/08/2026 16:48
4f757412-73f8-4adc-a858-a047c9177a1e,autoerotic.bargains,available,14.98,37.98,medium,low,10,namecheap,,,07/08/2026 20:01
d4523c71-36fc-4a82-886b-d69dfa105eae,ryder.bargains,available,11.84,24.2,high,low,5,porkbun,,,29/09/2026 21:38
e870a170-633e-4a58-93aa-aa7a48e49872,olivia.bargains,available,17.99,26.49,high,low,6,namesilo,,,28/09/2026 07:43
7ea6a64f-a2de-41cf-ad34-6a3c4d48238e,elated.bargains,available,14.98,37.98,high,low,6,namecheap,,,16/08/2026 00:44
fc587743-f209-4d25-be47-8d7537c7eb88,peed.bargains,available,17.99,26.49,medium,low,4,namesilo,,,18/09/2026 08:17
58f433bc-968f-41b2-8471-adc6ecd6dcb8,fatty.bargains,available,14.98,37.98,high,low,5,namecheap,,,17/08/2026 23:52
d6d55732-55a0-47e9-90ed-89afa8a74ff5,shooters.bargains,available,21.99,45.99,medium,low,8,godaddy,,,01/10/2026 00:26
1b2b596d-82bf-4759-bbfc-60d89c6c55be,virtuous.bargains,available,14.98,37.98,high,low,8,namecheap,,,13/09/2026 06:06
f9f3fa1c-767b-4a30-821b-1545d78a44b4,wal.bargains,available,17.99,26.49,high,low,3,namesilo,,,29/09/2026 23:46
7782b471-2b75-43ee-b25d-17e16a2c3f1a,precedence.bargains,available,21.99,43.99,high,low,10,name.com,,,19/09/2026 12:40
f4344080-9fd6-447e-9e80-1a83e08e2009,conference.bargains,available,23.2,23.2,high,low,10,cloudflare,,,29/09/2026 10:52
141638b6-d209-479b-bd4d-81a476588057,skirting.bargains,available,17.99,26.49,medium,low,8,namesilo,,,20/09/2026 08:31
9fc438ef-f3b1-482d-a44b-a46a1772af5e,coded.bargains,available,23.2,23.2,high,low,5,cloudflare,,,30/09/2026 04:05
36772351-4523-4802-a97c-cb345ff0b4ed,astronomer.bargains,available,14.98,37.98,high,low,10,namecheap,,,20/09/2026 18:04
82959010-8d25-40fe-b60c-c15e24e8a5db,secretly.bargains,available,14.98,37.98,medium,low,8,namecheap,,,15/09/2026 06:37
04fe1fdb-7cca-4f6c-9525-1b567ea1a176,firefighter.bargains,available,11.84,24.2,high,low,11,porkbun,,,30/09/2026 23:57
15b3c694-12df-47a0-b77e-deddc071e66d,damn.bargains,available,17.99,26.49,high,low,4,namesilo,,,22/09/2026 00:35
76fe0068-5249-488b-9767-1213b10c7c2c,elan.bargains,available,17.99,26.49,high,low,4,namesilo,,,20/09/2026 03:17
247974da-8553-4890-9258-9bec6e5187ac,carlton.bargains,available,21.99,43.99,high,low,7,name.com,,,25/09/2026 15:21
91356599-b3eb-4405-9714-fc242dd28165,incisive.bargains,available,14.98,37.98,medium,low,8,namecheap,,,22/08/2026 01:21
7438dd70-69f8-48d3-b250-752520fbfae0,basinet.bargains,available,14.98,37.98,medium,low,7,namecheap,,,22/09/2026 10:57
18f4f977-4ca1-4507-8f4d-d84e5651efe4,downturn.bargains,available,17.99,26.49,medium,low,8,namesilo,,,24/09/2026 23:42
e7e7ad02-466a-4ff7-be1a-66b4f53a2121,prim.bargains,available,21.99,43.99,high,low,4,name.com,,,13/08/2026 15:46
591f3032-5622-47d8-80f6-9aa650404e40,bolshie.bargains,available,14.98,37.98,medium,low,7,namecheap,,,10/08/2026 17:55
cb2dbe42-e721-4d95-92b2-070c37f3a7c7,astronaut.bargains,available,14.98,37.98,high,low,9,namecheap,,,20/09/2026 17:56
a5ea06d7-5f6b-4496-b9ea-d991c91a9e52,slapdash.bargains,available,14.98,37.98,medium,low,8,namecheap,,,10/09/2026 09:57
89e85b4e-8f87-4f0f-acd5-88914e7c70bc,gilded.bargains,available,14.98,37.98,high,low,6,namecheap,,,14/08/2026 00:55
c314c2e7-0c26-4353-af0a-d1432a9f41fb,fdic.bargains,available,23.2,23.2,high,low,4,cloudflare,,,30/09/2026 01:36
57ef2359-df3d-49ea-a95f-d2e626f52644,sinking.bargains,available,17.99,26.49,medium,low,7,namesilo,,,28/09/2026 06:45
a2644ab7-248b-4cf5-81dc-ccad2e429c77,activase.bargains,available,17.99,26.49,medium,low,8,namesilo,,,17/09/2026 05:09
98e6ab08-2338-4835-afd8-2598f89ae4c9,bevy.bargains,available,17.99,26.49,medium,low,4,namesilo,,,23/09/2026 12:05
7e9f59c8-0ec8-425d-b996-9dae5fe8f2a4,financial.bargains,premium,118.8,118.8,high,low,9,namesilo,,,01/10/2026 03:02
a22d1140-cb15-42d0-b5ab-42bf30fa884d,rodin.bargains,available,17.99,26.49,high,low,5,namesilo,,,21/09/2026 03:57
ca52e93f-f8d4-4459-8230-8a53aeea6811,facing.bargains,available,13.14,23.94,high,low,6,spaceship,,,29/09/2026 09:38
1ec0ab1c-ceb2-4067-b927-3fa9b79d4123,eternal.bargains,available,17.99,26.49,high,medium,7,namesilo,,,21/09/2026 22:47
1e6c4e2c-bc03-48b0-8eee-c907fb68e0e2,retro.bargains,available,17.99,26.49,high,medium,5,namesilo,,,24/09/2026 15:44
dde87bf4-1cf0-4d4a-8b93-d2b9dc3f57f3,humidity.bargains,available,17.99,26.49,high,low,8,namesilo,,,29/09/2026 01:18
f6b0ef50-b9b7-4503-9ec7-841c4c64a813,duet.bargains,available,17,,high,low,4,unstoppable,,,29/09/2026 18:31
6575795e-541c-4619-b0ba-1bbf6d1252b1,arvn.bargains,available,17.99,26.49,medium,low,4,namesilo,,,30/09/2026 04:50
0003274d-65ea-4a1b-bd20-d92064bada61,coaches.bargains,available,17.99,26.49,medium,low,7,namesilo,,,20/09/2026 07:46
c94d3ab6-5fa9-406f-8269-fbaf0d9775fb,arizonan.bargains,available,17.99,26.49,medium,low,8,namesilo,,,20/09/2026 06:05
4a2462f1-4456-46a5-ac91-d9134eb8c912,ultra.bargains,resell,,,high,medium,5,"GoDaddy.com, LLC",28/09/2023 18:44,28/09/2027 18:44,29/09/2026 04:41
b3203bdd-7d9c-463b-a99f-6572a7f105ae,positional.bargains,available,14.98,37.98,medium,low,10,namecheap,,,09/09/2026 00:06
9ea77225-2755-4ce7-9a38-f79f208e4eb5,putnam.bargains,available,17.99,26.49,medium,low,6,namesilo,,,25/09/2026 16:07
f8aab479-f914-4b3f-97cd-b077839f0797,huntsville.bargains,available,17.99,26.49,high,low,10,namesilo,,,27/09/2026 04:30
36c041c7-e33a-457c-9c67-a0530d01ef03,palmas.bargains,available,14.98,37.98,high,low,6,namecheap,,,30/09/2026 12:52
b9127feb-3ed7-4fcd-ab2b-31d78abc1ce0,cursory.bargains,available,14.98,37.98,medium,low,7,namecheap,,,13/08/2026 11:41
7531f5da-9c2d-463d-bc49-1b3b7b2ce5e1,apparently.bargains,available,14.98,37.98,high,low,10,namecheap,,,08/09/2026 20:26
9a830732-c520-433e-ad47-17593ec59ec9,engineering.bargains,premium,108.9,108.9,high,low,11,dynadot,,,30/09/2026 01:32
bef092b9-2873-45b1-ad54-60081459f7e2,simms.bargains,available,13.14,23.94,medium,low,5,spaceship,,,28/09/2026 16:38
e5d3f7e1-fa0b-494c-946e-6bd870c3fd38,unhinge.bargains,available,17.99,26.49,medium,low,7,namesilo,,,24/09/2026 22:50
e6ddc2a0-c20c-43bc-84ea-1c970040b23b,buttocks.bargains,available,14.98,37.98,medium,low,8,namecheap,,,09/08/2026 10:25
12cd42a2-5a12-4d81-8fe9-c568fef912ee,frying.bargains,available,13.14,23.94,high,low,6,spaceship,,,30/09/2026 09:52
644fb927-f8f9-4f4e-94ad-766019109596,rican.bargains,available,17.99,26.49,high,low,5,namesilo,,,25/09/2026 13:13
1156f58b-c53b-4364-aeaf-2fc0f4e331ab,calico.bargains,available,14.98,37.98,high,low,6,namecheap,,,11/08/2026 14:19
5060c5d7-bdc8-40f2-8427-c99e4f722c31,siri.bargains,available,,,high,high,4,,,,
db7b05f2-d62c-4033-91b3-973e06e224f4,struggle.bargains,available,17,,high,low,8,unstoppable,,,29/09/2026 09:49
4d071670-adea-424a-90f2-f1131adb7eeb,summerset.bargains,available,14.98,37.98,medium,low,9,namecheap,,,18/08/2026 08:29
34ce3e2c-fea0-4e62-aa80-4b3415b63b04,dietary.bargains,available,14.98,37.98,high,low,7,namecheap,,,08/09/2026 15:41
8e8e4caf-de08-4ce8-ba69-accff413e784,riparian.bargains,available,14.98,37.98,high,low,8,namecheap,,,09/09/2026 17:53
ea4b6d32-23ce-46cf-977a-ce4c2596be3a,immense.bargains,available,17.99,26.49,high,low,7,namesilo,,,25/09/2026 06:12
32d5bd8c-f54d-468f-bfdc-bf72c304bf23,leukemia.bargains,available,17.99,26.49,medium,low,8,namesilo,,,24/09/2026 11:59
73c5c04b-ba98-4988-bda8-b90087d7beaf,equable.bargains,available,14.98,37.98,medium,low,7,namecheap,,,17/08/2026 11:33
c31f02ce-2f99-4b94-b9ef-b17c03da742d,luncheon.bargains,available,17.99,26.49,high,low,8,namesilo,,,29/09/2026 13:43
dced263a-d7c4-444a-a3b8-a6461fd98916,ruhr.bargains,premium,68.51,68.51,medium,low,4,spaceship,,,29/09/2026 02:04
1bc014da-5384-412e-aebb-a074fe74730e,torre.bargains,available,23.2,23.2,high,low,5,cloudflare,,,28/09/2026 03:40
580cec8a-20f6-4a87-a96f-12165bc2a487,achievements.bargains,available,17.99,26.49,medium,low,12,namesilo,,,30/09/2026 06:58
25129b08-f73f-4931-8283-0862e5862264,fold.bargains,available,11.84,24.2,high,low,4,porkbun,,,28/09/2026 14:00
4595533a-adbc-49b2-b7d6-bbea7a116f12,parole.bargains,available,17.99,26.49,high,low,6,namesilo,,,28/09/2026 05:28
0e38fbc2-2b4c-465f-884b-c72f49380671,elmo.bargains,available,14.98,37.98,high,low,4,namecheap,,,30/09/2026 05:11
6f6ec50d-cc79-4ff6-ac9a-fdaccad00c59,suharto.bargains,available,13.14,23.94,high,low,7,spaceship,,,01/10/2026 03:56
08842dca-af0a-4093-9bcf-3d9ee7285646,hearsay.bargains,available,14.98,37.98,medium,low,7,namecheap,,,21/08/2026 02:04
a040b1bf-293d-42ae-a704-c08127ea5ba6,mystify.bargains,available,17.99,26.49,high,low,7,namesilo,,,21/09/2026 17:29
b80cabb0-42bd-40ae-8bcf-43ae3592fd9c,gainly.bargains,available,14.98,37.98,medium,low,6,namecheap,,,18/08/2026 19:33
13872d31-7921-4d8c-bce6-9320322a13f9,reacting.bargains,available,17,,medium,low,8,unstoppable,,,30/09/2026 15:00
c65bae57-f710-4a66-86f1-98e07dbe1326,entrusted.bargains,available,14.98,37.98,medium,low,9,namecheap,,,29/09/2026 16:07
9b975ecb-74fd-4951-bd6a-d6940de37425,salad.bargains,available,23.2,23.2,high,low,5,cloudflare,,,30/09/2026 10:31
fb693a88-3ae3-47da-b13c-59ed7bea2293,pack.bargains,available,14.98,37.98,high,low,4,namecheap,,,23/09/2026 16:28
5eb6f90c-f80a-4561-bf88-6560ab90bfed,birch.bargains,available,14.98,37.98,high,low,5,namecheap,,,10/08/2026 05:53
4f27601b-1124-44a2-9e31-7b5c72386eac,meridional.bargains,available,14.98,37.98,medium,low,10,namecheap,,,24/08/2026 20:52
a894b6af-367c-4cd5-b3c6-d46f8ffe9506,claimed.bargains,available,13.14,23.94,medium,low,7,spaceship,,,27/09/2026 23:56
5c38625a-6b72-4216-bf37-e6d38fff7b73,skintight.bargains,available,14.98,37.98,medium,low,9,namecheap,,,10/09/2026 09:40
aefe0ee6-59f7-4692-99c8-158bf6a0875a,sabah.bargains,available,13.14,23.94,medium,low,5,spaceship,,,28/09/2026 20:01
7ce5ce50-8014-4734-91ab-e1f858fc8946,barite.bargains,available,17.99,26.49,medium,low,6,namesilo,,,22/09/2026 06:13
badb6de1-5446-4374-820b-8ce9e99d4389,organizer.bargains,available,14.98,37.98,high,low,9,namecheap,,,20/09/2026 08:45
909becdd-ce9f-4e40-a8b7-9db0f7a4ac67,thames.bargains,available,17,,high,low,6,unstoppable,,,01/10/2026 03:33
06ce65e2-b896-45fe-9b4a-0708046eb2db,sugar.bargains,available,13.14,23.94,high,low,5,spaceship,,,29/09/2026 08:02
9603bf77-21d8-471b-8e40-5c887b4712c4,valueable.bargains,available,21.99,,high,low,9,name.com,,,
722b801a-2298-4211-94ea-09a5ec695f26,gwen.bargains,available,23.2,23.2,high,low,4,cloudflare,,,27/09/2026 19:20
0ea7bd36-6ca5-48da-a890-e4d35464a2fc,barouche.bargains,available,17.99,26.49,medium,low,8,namesilo,,,22/09/2026 07:43
4aff0d7b-f77b-4ade-848e-d4c259107b5b,transitional.bargains,available,23.2,23.2,high,low,12,cloudflare,,,30/09/2026 23:21
fc7d7b02-6805-4eff-a7d9-d19a8bc05e3c,bootless.bargains,available,14.98,37.98,medium,low,8,namecheap,,,10/08/2026 19:37
2a294d37-f62e-41ee-ba04-c93fbf1350dc,repetition.bargains,available,13.14,23.94,high,low,10,spaceship,,,30/09/2026 02:41
fa15254a-d749-4249-8159-52e1662bdfe2,denial.bargains,available,14.98,37.98,high,low,6,namecheap,,,29/09/2026 13:58
fb3a9099-0ea8-47ae-ab8e-7bc5de83f448,sarajevo.bargains,available,14.98,37.98,high,low,8,namecheap,,,28/09/2026 06:43
de02a1b5-e443-4f22-bd90-c57147a626e6,mastery.bargains,available,13.14,23.94,high,low,7,spaceship,,,30/09/2026 10:33
f6e7e3c7-4032-4e7a-98f1-ca6a8d9288a6,wisdoms.bargains,available,17.99,26.49,medium,low,7,namesilo,,,21/09/2026 10:19
099487ef-103a-40dd-9a97-5ee58fd3ae09,seduction.bargains,available,11.84,24.2,high,low,9,porkbun,,,30/09/2026 11:00
ed7a966e-d2f4-4b94-8a53-2d49e5c6e486,post.bargains,premium,520,520,high,medium,4,namecheap,,,29/09/2026 02:12
33637401-c313-4012-8eb9-5e9c9f40bfbe,cochran.bargains,available,11.84,24.2,medium,low,7,porkbun,,,27/09/2026 12:38
cb6c6eb7-b92e-4d96-a603-7fc0b430273f,migrator.bargains,available,14.98,37.98,medium,low,8,namecheap,,,24/08/2026 22:51
fcee8734-a4ba-47e0-bcd9-a626b4675536,biomass.bargains,available,14.98,37.98,high,low,7,namecheap,,,23/09/2026 18:29
5f65ab1b-75e8-457f-acd3-243daadd7950,needless.bargains,available,14.98,37.98,medium,low,8,namecheap,,,03/09/2026 14:55
c53d8b13-c8fa-4f23-b46a-ea918c3424f5,exotic.bargains,available,14.98,37.98,high,low,6,namecheap,,,17/08/2026 17:49
35d06449-d1e0-4652-b93b-0b2462358d6b,reincarnation.bargains,available,11.84,24.2,high,low,13,porkbun,,,30/09/2026 23:11
5f028bbe-1e37-4e1f-a107-6468cade24e7,bowfin.bargains,available,14.98,37.98,medium,low,6,namecheap,,,18/09/2026 21:19
fe77d076-5840-41c7-a5ef-274d2ad4c5f3,resumed.bargains,available,14.98,37.98,medium,low,7,namecheap,,,18/09/2026 02:30
1a95bbd8-b062-4c3b-a7fa-4d637f6663e7,inscribed.bargains,available,14.98,37.98,medium,low,9,namecheap,,,17/08/2026 08:24
cbeaf12b-2e8d-4a7b-bbe7-4d09614c977c,slime.bargains,available,17,,high,low,5,unstoppable,,,29/09/2026 12:55
d9485268-22b0-4e82-bc47-82777cd6c56a,sterling.bargains,available,14.98,37.98,high,low,8,namecheap,,,10/09/2026 20:14
fda69a35-a04e-4e10-97da-696cad0388b2,nur.bargains,available,17.99,26.49,medium,low,3,namesilo,,,28/09/2026 15:38
1b076400-a8ea-4ac6-bde7-54ca96734970,engaged.bargains,available,14.98,37.98,high,low,7,namecheap,,,10/08/2026 19:07
a05ce0ba-a50f-4e5a-b034-2700e66ee212,custodial.bargains,available,14.98,37.98,medium,low,9,namecheap,,,13/08/2026 12:19
546964a5-595f-4944-b2da-81d0d50bb1ad,album.bargains,available,23.2,23.2,high,low,5,cloudflare,,,28/09/2026 20:08
cc8b4908-ecac-429a-a142-c25ed96adb2f,asterion.bargains,available,17.99,26.49,medium,low,8,namesilo,,,20/09/2026 17:10
11918b53-f4e8-4701-ba06-161a5d5e2eb6,inflowing.bargains,available,14.98,37.98,medium,low,9,namecheap,,,22/08/2026 04:34
4e1851ab-3f14-487d-b404-c295a1ef4e55,buck.bargains,available,17,,high,low,4,unstoppable,,,29/09/2026 04:54
fcca5e9e-f6c4-4a7a-8db8-52823e1fc825,germfree.bargains,available,14.98,37.98,medium,low,8,namecheap,,,18/08/2026 22:48
c560541e-1678-4a33-8560-4c2495926e10,guarneri.bargains,available,17.99,26.49,medium,low,8,namesilo,,,19/09/2026 04:22
feb266c8-dd03-436e-bafb-2da0063edbc8,ampere.bargains,available,17.99,26.49,high,low,6,namesilo,,,18/09/2026 23:06
965e25bc-900c-4bd1-a03e-8adcd348d83f,obstructed.bargains,available,14.98,37.98,medium,low,10,namecheap,,,04/09/2026 00:05
4001f150-9ba8-4a27-82d1-56339515df5f,hindoo.bargains,available,14.98,37.98,medium,low,6,namecheap,,,21/08/2026 09:33
6c867c8a-3555-4834-a52b-07f527d7278a,amaretto.bargains,available,14.98,37.98,high,low,8,namecheap,,,18/09/2026 15:58
8e615059-f6d8-4123-b5c6-f1229a3feb08,peregrine.bargains,available,14.98,37.98,medium,low,9,namecheap,,,25/08/2026 02:20
ee49b6ff-bf39-4398-96c5-a6b86c35657a,lyrical.bargains,available,14.98,37.98,high,low,7,namecheap,,,24/08/2026 12:41
3cf3ebe4-aeb3-4f8b-a4dd-41538b86b7e7,binet.bargains,available,17.99,26.49,medium,low,5,namesilo,,,18/09/2026 06:25
5c96527e-e300-41d4-bafa-54a6109dbdb3,tenebrous.bargains,available,14.98,37.98,medium,low,9,namecheap,,,11/09/2026 11:19
e3af30d7-d9cd-4a08-8864-58f821608d64,serenity.bargains,available,14.98,37.98,high,low,8,namecheap,,,20/09/2026 19:39
490c8415-36d4-4d9d-a9f0-d5ba9e1d7311,truant.bargains,available,14.98,37.98,high,low,6,namecheap,,,08/08/2026 01:41
923ace9a-bb46-4e5b-be2d-a45d09751f8d,spell.bargains,available,17.99,26.49,high,low,5,namesilo,,,24/09/2026 22:24
ff809104-f029-4b50-872a-aaf4ae9cd616,iga.bargains,available,17.99,26.49,medium,low,3,namesilo,,,29/09/2026 13:05
e4b64d3b-afbe-44c1-9481-cf1a89fe2307,petrarch.bargains,available,17.99,26.49,medium,low,8,namesilo,,,01/10/2026 02:14
5db91274-5f34-4b17-8f14-301b731260bc,cpr.bargains,available,14.98,37.98,high,low,3,namecheap,,,24/09/2026 12:51
eececa2f-a1bc-4be5-90e4-976908d0bac9,gettable.bargains,available,14.98,37.98,medium,low,8,namecheap,,,18/08/2026 23:02
3dfb5565-9f46-4c0d-b6cf-eac6112a252a,appreciates.bargains,available,14.98,37.98,high,low,11,namecheap,,,20/09/2026 20:35
93042e5d-f228-425d-8f45-6866431e77e5,snapchat.bargains,available,21.99,,high,low,8,name.com,,,
984b51d9-aea8-4995-9745-575d38df6a27,commuter.bargains,available,17.99,26.49,high,low,8,namesilo,,,24/09/2026 16:39
c1455f8a-ee76-4237-86ce-b0403c930cbd,evangeline.bargains,available,17,,high,low,10,unstoppable,,,30/09/2026 21:10
3fb2b94a-7db6-46f5-9625-7bc66b50b1b4,reveal.bargains,available,17.99,26.49,high,low,6,namesilo,,,30/09/2026 16:44
0da7ce97-a4c6-487d-9f6b-261ab5df29d9,sweets.bargains,available,14.98,37.98,high,low,6,namecheap,,,28/09/2026 05:51
42ae60b4-9b62-4b2f-8976-df93fd690429,painting.bargains,available,14.98,37.98,high,low,8,namecheap,,,25/09/2026 07:33
c99b0e47-a853-4722-a3ec-5774f4c7d9a6,printer.bargains,premium,85.8,85.8,high,low,7,namecheap,,,28/09/2026 15:08
40cd0dec-6fbb-4f8b-81c5-1b3434a0e100,idle.bargains,available,14.98,37.98,high,low,4,namecheap,,,08/08/2026 21:52
f67ffc28-9867-453f-b619-80645a3aeb68,yur.bargains,available,21.99,,high,low,3,name.com,,,
967f117b-223c-4aab-969a-1e18dc702c1e,newsworthy.bargains,available,14.98,37.98,high,low,10,namecheap,,,03/09/2026 16:53
eaf1e68f-1231-489c-a2d6-8b31a18e2e17,means.bargains,available,13.14,23.94,high,low,5,spaceship,,,30/09/2026 04:10
4bf87105-298e-4dd5-ae26-e473434e1dfc,tidily.bargains,available,17.99,26.49,medium,low,6,namesilo,,,16/09/2026 09:05
08e35621-40c1-4edd-af95-52001bd76fa8,outboard.bargains,available,14.98,37.98,high,low,8,namecheap,,,04/09/2026 18:55
229a2164-b358-4ca8-8243-3c9e6609b94a,delay.bargains,available,17.99,26.49,high,low,5,namesilo,,,29/09/2026 13:44
662ff74a-0122-4bc8-8658-62efc45feccc,venture.bargains,available,14.98,37.98,high,medium,7,namecheap,,,29/09/2026 06:12
a5073646-b0eb-4901-a546-639860d26c38,achomawi.bargains,available,17.99,26.49,medium,low,8,namesilo,,,17/09/2026 00:49
5c4836c7-9810-4e23-9ace-ccf27d9e3b36,unleavened.bargains,available,14.98,37.98,medium,low,10,namecheap,,,12/09/2026 14:46
03f25d5d-865f-4634-b2c2-3bf901f62d1d,conformist.bargains,available,14.98,37.98,high,low,10,namecheap,,,12/08/2026 21:13
808da4c0-71e2-46ed-aa80-cc46a11ad0bc,monkshood.bargains,available,17.99,26.49,medium,low,9,namesilo,,,17/09/2026 02:11
474905b1-32ba-4b14-a515-daea2a9cb79d,sketch.bargains,available,13.14,23.94,high,low,6,spaceship,,,28/09/2026 01:36
93193926-4bfd-4f63-bf7c-7c2864d7e77a,outpost.bargains,available,23.2,23.2,high,low,7,cloudflare,,,30/09/2026 09:47
e433c78f-b6f5-4fd9-851d-beba412afcd9,glare.bargains,available,17.99,26.49,high,low,5,namesilo,,,24/09/2026 10:22
b0ae1125-e190-4d8a-b9b7-e3668f0a40ea,cystic.bargains,available,21.99,43.99,medium,low,6,name.com,,,13/08/2026 14:36
28332584-bff2-47c3-bcc0-a0607977e57d,clogging.bargains,available,14.98,37.98,medium,low,8,namecheap,,,12/08/2026 11:41
18707bc6-6e2c-431c-8002-6650950bec15,triplex.bargains,available,14.98,37.98,medium,low,7,namecheap,,,11/09/2026 11:51
a020daf0-232f-4fe9-a86c-6d3b8b2e633c,adkins.bargains,available,13.14,23.94,medium,low,6,spaceship,,,29/09/2026 23:23
e1a7aeeb-69f2-4c74-a6f1-37978d117327,proofed.bargains,available,14.98,37.98,medium,low,7,namecheap,,,09/09/2026 03:24
93d058d8-16cb-445f-8cbb-d6e24b2945ff,sayonara.bargains,available,14.98,37.98,high,low,8,namecheap,,,17/09/2026 08:15
cce498c2-577f-4816-9eab-bdb765491a91,exportable.bargains,available,14.98,37.98,high,low,10,namecheap,,,17/08/2026 18:35
12105ea3-8b11-4d45-8e2a-0cc5bc8d4a6d,handsome.bargains,available,14.98,37.98,high,low,8,namecheap,,,09/08/2026 18:09
f577f2c4-4b4a-4ecc-a54f-f48e43fc816f,zoo.bargains,available,17.99,26.49,high,low,3,namesilo,,,26/09/2026 00:33
d6fb7624-199c-47ee-b1b7-d2bc3afaa4f5,garfield.bargains,available,17.99,26.49,medium,low,8,namesilo,,,28/09/2026 14:15
dcfdeab1-28a5-4235-b4d8-cde872230cfd,absolute.bargains,available,17.99,26.49,high,low,8,namesilo,,,21/09/2026 14:42
7cfbb289-31dd-409d-b891-e6c0a6eb8cee,carbon.bargains,available,17.99,26.49,high,medium,6,namesilo,,,20/09/2026 23:21
825f077b-e3f6-469e-8bf0-11d22d947f13,veinal.bargains,available,14.98,37.98,low,low,6,namecheap,,,13/09/2026 01:51
2513f069-1464-45a0-9bdc-d687dafd233a,cosmos.bargains,available,13.14,23.94,high,medium,6,spaceship,,,28/09/2026 10:55
4fcd1ce6-c39b-4121-b29e-b31317de649f,steinway.bargains,available,17.99,26.49,high,low,8,namesilo,,,01/10/2026 02:28
8b1736ee-7983-4aae-b716-cde90563e840,crinkly.bargains,available,14.98,37.98,medium,low,7,namecheap,,,13/08/2026 06:51
8581152f-2835-4f62-857e-483d7e472568,morgantown.bargains,available,13.14,23.94,medium,low,10,spaceship,,,29/09/2026 19:41
3157c936-57a0-4611-940d-9109ba0c98c6,averroes.bargains,available,14.98,37.98,medium,low,8,namecheap,,,16/09/2026 18:56
5832161d-8278-41b9-9ec3-71746c48bcfd,approving.bargains,available,14.98,37.98,medium,low,9,namecheap,,,06/08/2026 08:49
60dcdef3-d9f4-4968-86cc-e8e11818504e,gma.bargains,available,17,,high,low,3,unstoppable,,,29/09/2026 21:30
50ece6b8-4cf3-49ab-90cc-0e66b572a76f,kursk.bargains,available,13.14,23.94,medium,low,5,spaceship,,,30/09/2026 02:07
4e6e671d-afe4-443c-a226-0daf0a824b9c,tenths.bargains,available,17.99,26.49,medium,low,6,namesilo,,,20/09/2026 23:51
61974a54-933d-49f3-99e8-048c29063081,sprouted.bargains,available,14.98,37.98,medium,low,8,namecheap,,,10/09/2026 16:55
f40f827b-76dc-448e-9496-3664c34c607a,isoforms.bargains,available,13.14,23.94,medium,low,8,spaceship,,,30/09/2026 07:43
9e13fba7-fe15-4e6d-9945-28f760137bc3,ardor.bargains,available,14.98,37.98,high,low,5,namecheap,,,20/09/2026 03:15
8d4886ca-30e0-4fb8-a87a-2b2f498bcc0d,acad.bargains,available,17.99,26.49,high,low,4,namesilo,,,29/09/2026 10:57
cae3081f-546b-41b3-944d-c176d3538c5d,archerfish.bargains,available,17.99,26.49,medium,low,10,namesilo,,,20/09/2026 01:56
67d5838a-636d-451f-beab-1abbccb4c337,lentic.bargains,available,14.98,37.98,medium,low,6,namecheap,,,22/08/2026 23:50
db322807-ccc8-4bae-8be4-b190e42b64d1,bowl.bargains,available,17.99,26.49,high,low,4,namesilo,,,24/09/2026 07:38
77ec9825-ce5c-4ff8-aa73-9affd1386eea,inexplicit.bargains,available,14.98,37.98,medium,low,10,namecheap,,,21/08/2026 22:39
76e76a5f-614d-498d-9b6d-835fd6919c7b,centerville.bargains,available,23.2,23.2,medium,low,11,cloudflare,,,30/09/2026 22:06
a38f9bd6-1a22-4e9e-b79c-be4ddd323db6,headset.bargains,available,23.2,23.2,high,low,7,cloudflare,,,01/10/2026 02:32
762bab08-f7a8-4d31-b895-c90b9fa2658d,skunk.bargains,available,14.98,37.98,high,low,5,namecheap,,,11/08/2026 09:13
272a5310-bcc4-4c37-99ed-518037edf49c,alhambra.bargains,available,17.99,26.49,high,low,8,namesilo,,,18/09/2026 07:18
09ecc884-516b-4e3d-9fe7-82107abb521a,coquettish.bargains,available,14.98,37.98,medium,low,10,namecheap,,,13/08/2026 00:44
936f359f-599f-4821-8df4-87660ad39a25,acarus.bargains,available,14.98,37.98,medium,low,6,namecheap,,,16/09/2026 21:38
24d2b838-3c4b-4500-a1f2-7ec3e23bed0b,btw.bargains,available,21.99,,high,low,3,name.com,,,
9c41fcab-a5ea-435c-8058-d295b24fce62,folder.bargains,available,23.2,23.2,high,low,6,cloudflare,,,29/09/2026 03:36
e854f077-2e5b-4ba6-b2a1-65286b93d181,honored.bargains,available,14.98,37.98,high,low,7,namecheap,,,17/08/2026 13:25
30535ae6-6f10-420d-9d50-698b179a2c40,alzheimers.bargains,available,14.98,37.98,medium,low,10,namecheap,,,18/09/2026 15:29
5e2515a3-1fe9-4c55-9652-61c5a857b243,fugo.bargains,available,17.99,26.49,medium,low,4,namesilo,,,21/09/2026 23:09
c634c395-0163-46e8-9622-9eacef56072a,upriver.bargains,available,14.98,37.98,medium,low,7,namecheap,,,12/09/2026 23:26
168d2580-0340-423c-b540-05e24e45ea24,cliquish.bargains,available,14.98,37.98,high,low,8,namecheap,,,12/08/2026 11:17
733eae12-ebe5-4b4c-aa87-1af50a81cbf2,unemployment.bargains,available,21.99,,high,low,12,name.com,,,
553d3eb6-73cf-4ede-a9e0-b81e23e9d6fc,fetid.bargains,available,14.98,37.98,medium,low,5,namecheap,,,18/08/2026 02:24
7e8c7004-34b1-419e-9b8c-951fa9bc3522,troth.bargains,available,17.99,26.49,medium,low,5,namesilo,,,23/09/2026 11:35
3948e466-9212-44c8-864e-cd4411418cca,antalya.bargains,premium,242,242,high,low,7,namesilo,,,17/09/2026 06:10
dbe9b1bf-6371-46d9-afa0-22a028ee90e8,remotely.bargains,available,14.98,37.98,medium,low,8,namecheap,,,15/09/2026 23:10
0e1157ca-c2e9-4e78-97b1-534eae7e2574,flabby.bargains,available,14.98,37.98,medium,low,6,namecheap,,,18/08/2026 06:05
e6dc5f56-e6b8-4855-ba58-944236de31c5,trips.bargains,available,23.2,23.2,medium,low,5,cloudflare,,,27/09/2026 22:50
a17fc4d6-f2b1-420c-af2c-e26205188c33,monetary.bargains,available,14.98,37.98,high,low,8,namecheap,,,25/09/2026 21:29
76bd5599-10be-4f30-8a7b-521a7a08e960,gains.bargains,available,14.98,37.98,medium,low,5,namecheap,,,18/09/2026 18:50
286c41cd-f5b4-42c7-83b9-92dff46f171f,without.bargains,available,13.14,23.94,high,low,7,spaceship,,,30/09/2026 23:19
cffd036a-501a-4cb5-9841-f53714c71e50,mislabeled.bargains,available,14.98,37.98,medium,low,10,namecheap,,,25/08/2026 01:21
b0bc41a1-d475-420a-bb59-818e17be28e5,yell.bargains,available,13.14,23.94,medium,low,4,spaceship,,,29/09/2026 12:21
2b7ac0d8-d5e2-4a6a-979d-4dc083ba5d91,derisory.bargains,available,14.98,37.98,medium,low,8,namecheap,,,14/08/2026 02:56
4f2453c9-2fd0-4032-9cee-f8290be28e29,xlii.bargains,available,14.98,37.98,medium,low,4,namecheap,,,
2cb19ee4-b2b1-4019-a84f-ce0da31659ff,agreements.bargains,available,17.99,26.49,medium,low,10,namesilo,,,17/09/2026 03:09
7da3bc10-23bf-4e12-97f6-e33fab230500,octuple.bargains,available,14.98,37.98,medium,low,7,namecheap,,,15/08/2026 21:25
eb9c6fc6-1df5-4e5a-bdb7-4c1f848081ce,kildare.bargains,available,17.99,26.49,medium,low,7,namesilo,,,29/09/2026 09:36
74de16fe-e78b-4d18-b95b-719c6b1ff555,diluted.bargains,available,14.98,37.98,medium,low,7,namecheap,,,14/08/2026 07:45
7af95e2a-b6e5-4db4-9809-33fe5205e9cd,cislunar.bargains,available,14.98,37.98,medium,low,8,namecheap,,,12/08/2026 08:30
ef16a7de-27f7-4a5c-a55c-5b39593ac704,produce.bargains,available,13.14,23.94,high,low,7,spaceship,,,29/09/2026 20:43
cd4df3f2-b216-4333-93a5-29267a5ce592,notes.bargains,available,21.99,,high,low,5,name.com,,,
d4637e67-80f0-4768-a1fb-d021c0402c1c,mvp.bargains,available,11.96,24.83,high,medium,3,dynadot,,,28/09/2026 19:55
1dceac1f-86bd-4fe6-8b84-e67d13587797,fasten.bargains,available,17.99,26.49,high,low,6,namesilo,,,30/09/2026 19:48
52c9000a-7db9-426b-97c6-32d2c4028656,bookstore.bargains,available,17.99,26.49,high,low,9,namesilo,,,24/09/2026 07:17
c4e2bb74-1445-4f28-818c-da72ee2bc96c,owlish.bargains,available,14.98,37.98,medium,low,6,namecheap,,,04/09/2026 22:14
fcc2ce03-6356-4c60-bb73-4cc7a8229226,barely.bargains,available,11.96,24.83,medium,low,6,dynadot,,,27/09/2026 18:14
330ca0d1-6628-4bbb-b6e8-d27d44fa9b35,approximately.bargains,available,17.99,26.49,medium,low,13,namesilo,,,27/09/2026 08:28
dd8bd482-d0df-4e64-8024-4c5d0dc22be6,intervals.bargains,available,23.2,23.2,medium,low,9,cloudflare,,,29/09/2026 23:54
b163d0b3-8495-4317-b29b-769867964e20,spas.bargains,available,14.98,37.98,medium,low,4,namecheap,,,18/09/2026 21:33
1a9362ad-7515-4a8a-a137-2ed5dcaef7e7,anglesea.bargains,available,17.99,26.49,medium,low,8,namesilo,,,19/09/2026 06:27
b3b80732-7c33-41d8-a22c-182c890c21aa,bends.bargains,available,14.98,37.98,high,low,5,namecheap,,,23/09/2026 07:50
1f20c002-84c7-416d-aec3-4fe991abaa74,variant.bargains,available,14.98,37.98,high,low,7,namecheap,,,13/09/2026 01:15
603f4ad9-fb89-4e29-9882-1a67d0f012fc,willy.bargains,available,14.98,37.98,medium,low,5,namecheap,,,27/09/2026 06:19
88982091-373c-4cc3-93c5-57b73ffa59b6,brew.bargains,available,13.14,23.94,high,low,4,spaceship,,,29/09/2026 11:47
4df223e4-80f0-4a09-8fb6-029b9d591e36,snippet.bargains,available,23.2,23.2,high,low,7,cloudflare,,,30/09/2026 11:22
76865450-b16f-4203-b158-948c85df6675,pliable.bargains,available,14.98,37.98,medium,low,7,namecheap,,,19/09/2026 14:13
4a20329c-2850-4dc4-ad4b-0cb2ba6e4392,sneaking.bargains,available,23.2,23.2,medium,low,8,cloudflare,,,29/09/2026 14:54
0ce4cdd4-0791-49a7-929a-f11950ed07ba,footprint.bargains,available,23.2,23.2,high,low,9,cloudflare,,,29/09/2026 12:23
91a18a7b-0f2f-469a-ac35-db6a225ded87,inserted.bargains,available,23.2,23.2,medium,low,8,cloudflare,,,29/09/2026 10:49
1018e5eb-f03d-4240-bb34-cd38e84fb913,willie.bargains,available,21.99,43.99,medium,low,6,name.com,,,25/09/2026 11:47
2c583934-6c31-4508-81df-4060b913d31f,suety.bargains,available,14.98,37.98,low,low,5,namecheap,,,11/09/2026 01:08
09327163-09d1-40ec-8d27-e8ebab7b018b,chooses.bargains,available,14.98,37.98,medium,low,7,namecheap,,,28/09/2026 18:06
56033f02-6efa-4e74-afb8-bb8dafa3f5ad,digitiser.bargains,available,17.99,26.49,high,low,9,namesilo,,,19/09/2026 01:52
daa428e5-0796-40c3-9fea-4452c330eca5,bureau.bargains,available,17.99,26.49,high,low,6,namesilo,,,17/09/2026 17:00
fca6c0f1-1caa-4cb0-881f-0f7cc9757fd3,prevents.bargains,available,11.96,24.83,medium,low,8,dynadot,,,29/09/2026 16:31
95229c24-d02f-4c89-abf9-71e1072ac83d,tanning.bargains,available,14.98,37.98,high,low,7,namecheap,,,22/08/2026 20:14
c1fb79af-880b-49f7-a941-48ad4b7c7009,lecturer.bargains,available,17.99,26.49,high,low,8,namesilo,,,30/09/2026 10:24
0d7b73e6-c4eb-4a72-a93c-54de83f15cbe,brumal.bargains,available,14.98,37.98,medium,low,6,namecheap,,,11/08/2026 06:36
fb6bd028-c752-443e-8b36-ee053f1fad32,esther.bargains,available,17.99,26.49,high,low,6,namesilo,,,24/09/2026 06:50
0c168fa4-abe1-4829-9c85-7a40e18dad4f,stripe.bargains,available,17.99,26.49,high,low,6,namesilo,,,24/09/2026 14:22
013145b3-5457-48fb-96f8-06f5e89979bd,weird.bargains,available,17.99,26.49,high,low,5,namesilo,,,24/09/2026 13:41
c752f0de-b825-479d-a1bf-625562ae0bee,marketable.bargains,available,14.98,37.98,high,low,10,namecheap,,,24/08/2026 16:04
c936a630-20eb-48fd-bccb-fbf908c99f40,priscilla.bargains,available,17.99,26.49,high,low,9,namesilo,,,28/09/2026 03:51
6f3d1875-9290-4d3b-8213-9d1b9885e25f,uncut.bargains,available,14.98,37.98,high,low,5,namecheap,,,12/09/2026 06:52
c4e6a565-d72f-43a6-9f8e-dd37f36cba81,piercing.bargains,available,14.98,37.98,high,low,8,namecheap,,,22/08/2026 01:25
b4250474-6203-4b80-856e-1e5530f04342,repeal.bargains,available,17.99,26.49,medium,low,6,namesilo,,,16/09/2026 17:15
54098a99-2d6f-4bb1-bac4-c9f57a605ff1,original.bargains,available,17.99,26.49,high,low,8,namesilo,,,26/09/2026 00:32
b68ca10d-be59-44c8-95f9-5245b2f43908,fucked.bargains,available,13.14,23.94,medium,low,6,spaceship,,,29/09/2026 21:06
571f80f7-0f5f-4c42-981d-3894696d59e1,nonfat.bargains,available,14.98,37.98,high,low,6,namecheap,,,17/08/2026 23:23
8231fbce-7e8c-4418-b750-901c61da4630,bade.bargains,available,17.99,26.49,high,low,4,namesilo,,,21/09/2026 17:00
f8327f8a-fceb-4846-972a-046c5b1a8228,phrase.bargains,available,17.99,26.49,high,low,6,namesilo,,,29/09/2026 23:31
39fa4619-2722-42d9-adf2-fe1c580f1b67,adjuvant.bargains,available,14.98,37.98,medium,low,8,namecheap,,,
9c51fbc1-84c0-46d3-a8ba-320fc82f19c9,stimulating.bargains,available,17,,medium,low,11,unstoppable,,,28/09/2026 21:23
fab27513-1827-4f69-9c12-69f08e5f76ce,overgreedy.bargains,available,14.98,37.98,medium,low,10,namecheap,,,04/09/2026 20:38
f7f0779b-4cdd-4e2f-ae70-9a9aec0b8e7b,churning.bargains,available,14.98,37.98,medium,low,8,namecheap,,,12/08/2026 07:51
26798a75-20a6-403c-957d-1aadd20d8856,skepticism.bargains,available,17.99,26.49,medium,low,10,namesilo,,,24/09/2026 22:29
f8962200-32c0-459d-9deb-88a55ba5fe81,cba.bargains,available,14.98,37.98,high,low,3,namecheap,,,28/09/2026 21:48
291f62e8-f971-4cc3-8225-0de01ccd9bc2,bereft.bargains,available,14.98,37.98,low,low,6,namecheap,,,09/08/2026 15:05
01317490-489d-4681-a02f-17cc463b9adc,flammable.bargains,available,14.98,37.98,medium,low,9,namecheap,,,18/08/2026 06:32
7574643a-d69e-41a4-ac0d-8dd2a179a4c8,unseen.bargains,available,14.98,37.98,high,low,6,namecheap,,,12/09/2026 16:05
ec1cc269-65fb-4d42-956e-86bd536e3bcb,powerful.bargains,available,17.99,26.49,high,low,8,namesilo,,,23/09/2026 09:23
c565306f-3597-46df-9f13-bd59b7054f2f,yearn.bargains,available,14.98,37.98,high,low,5,namecheap,,,24/08/2026 08:59
6946e60b-e37a-4875-8b49-6b9f23880d35,brim.bargains,available,17.99,26.49,high,low,4,namesilo,,,24/09/2026 10:24
5fabb496-b614-4996-9c17-404c8d32bbe9,viktor.bargains,available,13.14,23.94,medium,low,6,spaceship,,,28/09/2026 07:43
a88d079a-458c-4aab-9d96-3eaf2b7a7e75,berne.bargains,available,17.99,26.49,medium,low,5,namesilo,,,23/09/2026 09:45
15d1fc67-647c-48e9-8c93-f05f724c1819,gazette.bargains,available,14.98,37.98,high,low,7,namecheap,,,30/09/2026 01:42
9cc74759-5e42-4963-8c78-e820a7afc557,silky.bargains,available,14.98,37.98,high,low,5,namecheap,,,09/09/2026 21:45
3174a248-33a8-4ee3-9a1d-7a60f22586b5,mama.bargains,available,17.99,26.49,high,low,4,namesilo,,,28/09/2026 06:17
1c87179c-6e7a-48f2-9e98-0e95eea67225,demode.bargains,available,14.98,37.98,medium,low,6,namecheap,,,14/08/2026 01:13
adb4114a-a057-4b18-8a1e-ac608f93610d,nonexempt.bargains,available,14.98,37.98,medium,low,9,namecheap,,,03/09/2026 19:09
ed942753-69eb-4f2b-b8fc-37924b041854,poisonous.bargains,available,14.98,37.98,medium,low,9,namecheap,,,08/09/2026 22:40
de9a9217-ec51-45fa-92fb-3ede0dd8e70c,sexed.bargains,available,14.98,37.98,medium,low,5,namecheap,,,10/09/2026 05:13
0223b1ad-fbea-4c41-9d21-5164c5e32baf,northeast.bargains,available,14.98,37.98,medium,low,9,namecheap,,,28/09/2026 16:59
44da1ecc-1b8c-4e9b-958e-121e6c1a49d6,shi.bargains,available,23.2,23.2,high,low,3,cloudflare,,,30/09/2026 11:58
c2d58c0a-4c1a-4111-8381-9d17f8a15eb4,merchants.bargains,available,17.99,26.49,high,low,9,namesilo,,,18/09/2026 04:36
7b1e82e2-be6c-4321-b7c2-f21303463783,optically.bargains,available,14.98,37.98,medium,low,9,namecheap,,,15/09/2026 18:03
13990f6f-5113-41cb-b9a7-54da543ab650,reminiscent.bargains,available,13.14,23.94,high,low,11,spaceship,,,30/09/2026 11:29
f359f23c-cdae-4ad2-9b42-8b5ee78b8809,bilgy.bargains,available,14.98,37.98,medium,low,5,namecheap,,,09/08/2026 21:16
3187b9d5-d394-4b76-8ee7-ff0f76fa3d90,gills.bargains,available,17.99,26.49,medium,low,5,namesilo,,,30/09/2026 14:13
67574efd-063c-43e7-992d-31efcf624246,tommyrot.bargains,available,17.99,26.49,medium,low,8,namesilo,,,21/09/2026 23:53
8e006ef8-4f0b-41cd-a8e6-fe9e7b9e4544,jay.bargains,available,13.14,23.94,high,low,3,spaceship,,,30/09/2026 00:45
95e11dcf-645c-443a-a40e-4994ce410845,consortium.bargains,available,17.99,26.49,high,low,10,namesilo,,,24/09/2026 17:29
e04fe543-5393-44cf-a17b-0763e6ae110d,hermit.bargains,available,14.98,37.98,high,low,6,namecheap,,,09/09/2026 11:42
ae56ffc6-6112-4449-a5af-539f08665979,thou.bargains,available,17.99,26.49,medium,low,4,namesilo,,,21/09/2026 11:11
543f0b22-5b35-4be1-9f98-382802ccd622,gravesend.bargains,available,17.99,26.49,medium,low,9,namesilo,,,30/09/2026 21:51
d74be3ac-0938-4740-8ff6-dfd35c62cbf5,backhand.bargains,available,14.98,37.98,high,low,8,namecheap,,,08/08/2026 05:43
767854cc-c21a-45c9-9fc6-14cd21430143,tit.bargains,available,13.14,23.94,high,low,3,spaceship,,,29/09/2026 19:36
534f37da-3b37-47d6-b634-ee517c9cf484,issued.bargains,available,13.14,23.94,medium,low,6,spaceship,,,28/09/2026 08:22
c6cbdc76-bbdb-4a6f-bb83-765ce4e8b8a7,actuality.bargains,available,17.99,26.49,high,low,9,namesilo,,,17/09/2026 05:19
f683d906-91f3-4442-9e02-dc435dfe5fa3,blown.bargains,available,14.98,37.98,high,low,5,namecheap,,,10/08/2026 15:36
198958c8-09da-4094-bcf1-cc27d764277e,norwegian.bargains,available,17.99,26.49,high,low,9,namesilo,,,25/09/2026 23:14
493891e5-6511-4520-b74e-bebc81eb7eb9,introspection.bargains,available,17.99,26.49,high,low,13,namesilo,,,17/09/2026 06:54
d21f2738-9d70-482e-96a8-5f906ff2bb6e,lopez.bargains,available,17.99,26.49,high,low,5,namesilo,,,25/09/2026 12:44
4c77e6fb-ba82-4dff-b097-286933f961a7,didactic.bargains,available,14.98,37.98,high,low,8,namecheap,,,14/08/2026 06:41
410c16d2-1e52-4bcf-b910-10f5daa1d697,squeaky.bargains,available,14.98,37.98,medium,low,7,namecheap,,,10/09/2026 00:04
bf69050e-969b-41a5-be70-04bc60716270,sapid.bargains,available,14.98,37.98,medium,low,5,namecheap,,,18/08/2026 07:14
4a05f1f6-6968-48a6-8964-04ff7c05f744,expressive.bargains,available,14.98,37.98,high,low,10,namecheap,,,17/08/2026 18:50
3322e596-3770-4890-894e-7ac69c5313e6,bev.bargains,available,17.99,26.49,high,low,3,namesilo,,,30/09/2026 12:21
4d39ac66-af12-4fac-9ee2-129e7b95a3f7,artiste.bargains,available,17.99,26.49,high,low,7,namesilo,,,20/09/2026 11:55
df9b8300-7e54-479d-88b2-7510ac849b2f,girlfriend.bargains,available,17.99,26.49,high,low,10,namesilo,,,25/09/2026 23:00
ea3beb9c-a773-4bca-9e69-459406acf9d2,punishing.bargains,available,14.98,37.98,high,low,9,namecheap,,,06/08/2026 17:10
21c4b7ca-5161-4deb-ac63-2411baa9d25f,redo.bargains,available,17,,high,low,4,unstoppable,,,30/09/2026 09:45
5a92014b-42c7-4c24-9927-4bb95ed5cb60,classmate.bargains,available,17.99,26.49,high,low,9,namesilo,,,29/09/2026 11:55
3d7ff760-b5ab-49c1-aebe-747cabae3100,poinciana.bargains,available,14.98,37.98,high,low,9,namecheap,,,23/09/2026 20:09
48c610f9-2e15-41e9-ab47-f4608cd84f7e,kensington.bargains,available,13.14,23.94,high,low,10,spaceship,,,30/09/2026 12:20
26db6625-cba0-4631-b09d-0457df038c5c,mildness.bargains,available,17.99,26.49,high,low,8,namesilo,,,24/09/2026 15:30
039a6606-4421-442f-96b7-f795d35158db,encountered.bargains,available,14.98,37.98,low,low,11,namecheap,,,28/09/2026 23:17
dfb0547f-d989-4f38-a8be-43db1d8a3498,fiery.bargains,available,14.98,37.98,high,low,5,namecheap,,,06/08/2026 16:24
97cfd545-0919-44f6-a4fc-2291818cfc6b,piffling.bargains,available,14.98,37.98,low,low,8,namecheap,,,18/08/2026 03:35
af238e33-fc68-4535-9c6d-c529396dd853,phocine.bargains,available,14.98,37.98,medium,low,7,namecheap,,,08/09/2026 18:58
68837105-4b50-4d4e-9328-024753fe7ad3,inst.bargains,available,14.98,37.98,high,low,4,namecheap,,,22/08/2026 07:26
99f6a082-b848-4a68-a8df-949414ae76b6,programmed.bargains,available,17.99,26.49,medium,low,10,namesilo,,,28/09/2026 12:27
dec32754-1256-4303-b52a-d539ce211920,patti.bargains,available,17.99,26.49,medium,low,5,namesilo,,,28/09/2026 12:07
9c25549c-eddb-4c45-a781-e8a164f3a9e8,penelope.bargains,available,17,,medium,low,8,unstoppable,,,29/09/2026 19:00
2c5e3a25-cfc8-455c-af2d-21a3e41f5280,lobby.bargains,available,17.99,26.49,high,low,5,namesilo,,,28/09/2026 21:38
cd651193-371c-4251-ad50-6d25df3779f1,merciful.bargains,available,14.98,37.98,high,low,8,namecheap,,,24/08/2026 20:34
6203ac94-1315-4b8e-8b90-53d89c607c00,spitting.bargains,available,13.14,23.94,medium,low,8,spaceship,,,29/09/2026 08:06
7fd7e70b-dd3b-4a33-858d-b040910c5c59,hog.bargains,available,17.99,26.49,high,low,3,namesilo,,,28/09/2026 10:04
8aaf4fd8-91d5-4dee-bc52-dd149465aa10,vivacious.bargains,available,14.98,37.98,high,low,9,namecheap,,,13/09/2026 05:07
c37b6bd7-d29d-497c-93c3-04c856eb6b7b,quarto.bargains,available,14.98,37.98,medium,low,6,namecheap,,,16/09/2026 12:37
0755b688-7a76-480d-8242-c2500418e7b1,institution.bargains,available,17.99,26.49,high,low,11,namesilo,,,27/09/2026 08:25
319b0d3f-40bd-442f-afbb-202416ea9d4b,puppet.bargains,available,13.14,23.94,high,low,6,spaceship,,,28/09/2026 02:20
9cf7e183-8b34-4385-a27a-231d16444cc5,bazar.bargains,available,14.98,37.98,high,low,5,namecheap,,,22/09/2026 18:23
3abd2f3c-e612-416f-a93a-baf8c2bf43a7,concisely.bargains,available,14.98,37.98,medium,low,9,namecheap,,,14/09/2026 08:10
a15c60d2-c261-4b49-947b-c77baba7eb15,attribute.bargains,available,17.99,26.49,high,low,9,namesilo,,,21/09/2026 02:16
2aa6216c-9fe9-4f79-a9ae-dc545f9328df,abundantly.bargains,available,17,,medium,low,10,unstoppable,,,28/09/2026 11:40
d4455eaf-c6ba-4bbf-8bfc-8fe696499a84,ira.bargains,premium,18.3,36.55,high,low,3,porkbun,,,28/09/2026 14:31
3efef602-ea90-41c7-b017-af4a433e1742,barometer.bargains,available,17.99,26.49,high,low,9,namesilo,,,22/09/2026 07:00
9ec6f1c0-f184-4cac-a6fd-10cd283cf926,live.bargains,premium,242,242,high,medium,4,namesilo,,,22/09/2026 00:11
1ffe8406-7e65-4c00-b3c9-721feb99c8ce,conquered.bargains,available,17.99,26.49,medium,low,9,namesilo,,,28/09/2026 23:05
349ce223-0491-4046-8251-9d26d4bd7432,erect.bargains,available,14.98,37.98,high,low,5,namecheap,,,17/08/2026 12:04
7e24f6e9-82d1-4369-b36c-32cef4e26d54,pertinent.bargains,available,14.98,37.98,high,low,9,namecheap,,,06/08/2026 07:59
ea9ffa7b-fa93-422e-9992-0e87f31e4a37,ilama.bargains,available,17.99,26.49,medium,low,5,namesilo,,,19/09/2026 10:33
6687f6e1-dd50-4702-a59e-2180fcbe7214,chargeman.bargains,available,17.99,26.49,medium,low,9,namesilo,,,24/09/2026 04:25
0656b54b-f8d6-4192-a80a-ace1105c90d0,mess.bargains,available,14.98,37.98,high,low,4,namecheap,,,25/08/2026 00:30
50fe11af-7eab-413f-bd86-a2122037ec64,insolent.bargains,available,14.98,37.98,medium,low,8,namecheap,,,11/08/2026 02:56
772470f8-a0d0-4bdc-b635-9dbb6c27b676,announced.bargains,available,17.99,26.49,high,low,9,namesilo,,,22/09/2026 05:10
192233b9-81d0-4877-a40a-6023bab7fc90,separated.bargains,available,17.99,26.49,medium,low,9,namesilo,,,19/09/2026 04:08
9cf352d6-9a34-4f36-88f5-3515ccd5dcbd,expire.bargains,available,13.14,23.94,medium,low,6,spaceship,,,29/09/2026 12:11
a80b280c-21da-46a0-b243-a791057b62a7,syllables.bargains,available,17.99,26.49,medium,low,9,namesilo,,,30/09/2026 22:56
3543bf8a-b1c5-4ac3-a6ec-b02b0ce26565,synthesized.bargains,available,21.99,43.99,medium,low,11,name.com,,,17/09/2026 19:35
97e6a17c-01f7-43ae-bc03-aeb40e788cc5,unknown.bargains,available,14.98,37.98,high,low,7,namecheap,,,03/09/2026 12:55
8d010939-9ab7-4fb4-9179-5e4af50c51a7,never.bargains,available,13.14,23.94,high,low,5,spaceship,,,28/09/2026 16:23
c183b52a-945f-4a94-a27e-737fe6aff10d,caused.bargains,available,14.98,37.98,medium,low,6,namecheap,,,25/09/2026 18:57
deb70f7c-c558-4981-9f61-90325f1a20b5,solving.bargains,available,17,,high,low,7,unstoppable,,,29/09/2026 02:13
ac3d01b7-ee4c-41aa-a286-54e0a99c7f9f,allowing.bargains,available,17,,medium,low,8,unstoppable,,,28/09/2026 08:42
2ce6360a-d358-4f61-a770-4c81d5bc3fac,unadvised.bargains,available,14.98,37.98,medium,low,9,namecheap,,,21/08/2026 18:49
80d7a16d-bec4-4aa9-8dc4-94c69a753de0,ancestors.bargains,available,13.14,23.94,medium,low,9,spaceship,,,28/09/2026 08:45
c6b09783-9645-446b-a47b-9f97c9fbb723,grantee.bargains,available,17.99,26.49,medium,low,7,namesilo,,,18/09/2026 07:39
9adf5bba-cef7-41c9-823a-2d9cb25ddbf6,struggles.bargains,available,23.2,23.2,medium,low,9,cloudflare,,,30/09/2026 07:07
cb902628-9573-4d34-8d55-9fa99ed1bcbc,contend.bargains,available,13.14,23.94,high,low,7,spaceship,,,29/09/2026 11:25
de3916aa-4851-442f-954c-7a9fddca282a,armorer.bargains,available,14.98,37.98,medium,low,7,namecheap,,,20/09/2026 07:29
72401342-2671-46e9-a63b-150ad10c0311,pelagic.bargains,available,14.98,37.98,high,low,7,namecheap,,,04/09/2026 00:27
72f9f829-4673-4a2c-8315-989799f9ebbb,father.bargains,available,13.14,23.94,high,low,6,spaceship,,,29/09/2026 02:01
4f1be502-fa6a-45a7-9553-2ec425a0a362,albuquerque.bargains,available,11.96,24.83,medium,low,11,dynadot,,,29/09/2026 05:43
c69c7865-8592-4866-bb9b-7c37bbdd5331,scraggy.bargains,available,14.98,37.98,medium,low,7,namecheap,,,22/08/2026 12:02
0069b095-0e93-40be-bba8-973e080a27f0,cements.bargains,available,14.98,37.98,medium,low,7,namecheap,,,20/09/2026 09:07
ff79768d-e91f-4182-8dc8-c0e4d69f705a,treatment.bargains,available,23.2,23.2,high,low,9,cloudflare,,,28/09/2026 08:22
aa775ed0-8be4-4cb3-b26d-817c8c53f4b0,reducing.bargains,available,23.2,23.2,high,low,8,cloudflare,,,29/09/2026 07:56
ebfe9ffa-695f-4781-9b21-48492c07c8ed,clause.bargains,available,14.98,37.98,high,low,6,namecheap,,,24/09/2026 15:20
091bf51a-a732-40a1-a8d2-0b350f705140,duracell.bargains,available,21.99,,high,low,8,name.com,,,
9e778735-e0b2-423c-bf13-e2f5473ab2fd,forfeiture.bargains,available,14.98,37.98,medium,low,10,namecheap,,,18/08/2026 11:45
f08d79ee-b662-4721-9adf-b18252868e15,meagre.bargains,available,14.98,37.98,medium,low,6,namecheap,,,24/08/2026 18:04
0498faa4-565f-4255-8267-3ae8c98404bd,passing.bargains,available,17.99,26.49,high,low,7,namesilo,,,24/09/2026 14:24
28631d22-7fe1-4f81-a68a-8d582f74fbb5,anathemise.bargains,available,21.99,43.99,low,low,10,name.com,,,13/08/2026 16:25
b53f4fc0-8454-4847-9f4f-c5f99f918e2b,prepare.bargains,available,14.98,37.98,high,low,7,namecheap,,,27/09/2026 10:25
abac07de-de84-4a66-837a-1d5c9d9ea055,neuronal.bargains,available,14.98,37.98,medium,low,8,namecheap,,,03/09/2026 16:20
65648e5f-a0e0-48e1-85c0-11282274303a,alan.bargains,available,17.99,26.49,high,low,4,namesilo,,,25/09/2026 11:29
a47c1429-7ddc-4053-bee9-3c2b21b0bfa3,lana.bargains,available,13.14,23.94,high,low,4,spaceship,,,29/09/2026 04:18
4deddfce-dd7e-4c31-80ac-1c8a1bc348eb,oper.bargains,available,23.2,23.2,medium,low,4,cloudflare,,,28/09/2026 21:34
d7e4bef3-5b96-4bca-a7c3-e66f20aa0819,hoff.bargains,available,17.99,26.49,medium,low,4,namesilo,,,29/09/2026 21:37
2bba4dc8-27dd-4f3a-945a-d7aadf62ce5a,danced.bargains,available,17.99,26.49,medium,low,6,namesilo,,,27/09/2026 10:43
e89a4ab6-89af-456e-9fe5-2234e0cfee73,salty.bargains,available,17.99,26.49,high,low,5,namesilo,,,19/09/2026 11:13
f5393788-20f9-4c48-b4ab-9f686010755b,sloped.bargains,available,14.98,37.98,medium,low,6,namecheap,,,07/08/2026 04:26
cfaab117-626e-4ab0-b7f2-3c0f513c5e44,abuja.bargains,available,14.98,37.98,medium,low,5,namecheap,,,16/09/2026 18:50
68435358-03af-4120-b351-6788ce91edf6,unlettered.bargains,available,14.98,37.98,medium,low,10,namecheap,,,21/08/2026 18:33
30c43877-96ac-46a6-b2d7-aafaaedb5684,nan.bargains,available,11.96,24.83,high,low,3,dynadot,,,29/09/2026 21:19
3bb5b0b5-d51a-455c-a2b3-bd4e35c3bb38,goods.bargains,available,21.99,,high,low,5,name.com,,,
e1ab7b50-049a-4abd-8b78-024cf46c035e,colorise.bargains,available,14.98,37.98,medium,low,8,namecheap,,,12/08/2026 17:36
88166969-ea6d-4d57-a96d-d88b5803453f,investigative.bargains,available,17.99,26.49,medium,low,13,namesilo,,,29/09/2026 08:53
fda09d09-10ba-42ac-88f4-5a0966eb84d5,hottest.bargains,available,17.99,26.49,medium,low,7,namesilo,,,28/09/2026 13:20
e35a73b8-a8a5-4eea-ae71-104eb5f4103b,thither.bargains,available,17.99,26.49,medium,low,7,namesilo,,,16/09/2026 08:57
861b00b8-af90-454f-a6d6-b29135810b70,grimly.bargains,available,14.98,37.98,medium,low,6,namecheap,,,14/09/2026 22:25
3263a502-ca8c-42a9-85f1-43c92f8e9d60,apodictic.bargains,available,14.98,37.98,medium,low,9,namecheap,,,06/08/2026 01:27
85f1a5ae-786b-4cdd-8672-0c411ce51235,unavailable.bargains,available,23.2,23.2,medium,low,11,cloudflare,,,29/09/2026 03:22
da4cebd1-7a5a-458b-a745-feef4aed424c,darkest.bargains,available,13.14,23.94,medium,low,7,spaceship,,,30/09/2026 07:35
da948483-a5e0-443e-be18-a25ca4f9c51e,pls.bargains,available,21.99,,high,low,3,name.com,,,
e4244407-1c32-4bb6-8939-1e23edb065a0,poisson.bargains,available,23.2,23.2,medium,low,7,cloudflare,,,28/09/2026 11:23
c93cd499-f32e-4b91-b863-62fd162a187e,organizers.bargains,available,17,26.49,medium,low,10,unstoppable,,,28/09/2026 10:11
bf02ac74-5a5e-494e-b3ce-0fe19d69c81d,spades.bargains,available,14.98,37.98,high,low,6,namecheap,,,30/09/2026 14:16
0d6fc5cb-516d-4fe9-b463-1218e3600335,peasants.bargains,available,13.14,23.94,low,low,8,spaceship,,,28/09/2026 23:24
047aa8a6-d76c-4116-8fb3-0df3332bdfc0,hock.bargains,available,14.98,37.98,high,low,4,namecheap,,,09/09/2026 16:33
9e6b08f0-936f-4a03-9474-485f89beef0e,dsl.bargains,available,17.99,26.49,high,low,3,namesilo,,,01/10/2026 01:45
e0e6f105-8986-4c72-b2fb-063d4bd709bb,highly.bargains,available,17,,medium,low,6,unstoppable,,,28/09/2026 14:51
06a31c29-3e84-443f-b618-347ff6017bc9,statutory.bargains,available,14.98,37.98,medium,low,9,namecheap,,,10/09/2026 19:20
d60f8a27-0461-4afd-9a17-2359fd1edeaa,precursors.bargains,available,14.98,37.98,medium,low,10,namecheap,,,21/09/2026 00:35
3c4a8d55-76bc-4cc6-9465-57e555bb5545,machinist.bargains,available,14.98,37.98,high,low,9,namecheap,,,19/09/2026 17:14
ebae4cb9-f737-487f-b389-fefb605fb49e,trustees.bargains,available,13.14,23.94,high,low,8,spaceship,,,29/09/2026 23:08
d438efbd-9af9-461f-884e-aea63fe29216,uncover.bargains,available,17.99,26.49,high,low,7,namesilo,,,30/09/2026 16:42
6226f4f4-bbfe-4ee8-8179-f13dbf19b407,formicary.bargains,available,14.98,37.98,medium,low,9,namecheap,,,19/09/2026 13:26
fac0397c-5e44-49c9-bb1e-0ab8dd598647,sponsorship.bargains,available,23.2,23.2,high,low,11,cloudflare,,,30/09/2026 23:15
13d47066-a5d3-4ffe-808a-6ffd631510a5,against.bargains,available,11.84,24.2,medium,low,7,porkbun,,,30/09/2026 22:30
cd62a47b-e49a-4ead-a171-dd07a6dd46a7,generous.bargains,available,14.98,37.98,high,low,8,namecheap,,,18/08/2026 21:29
70712a4f-16a4-4abf-800b-b9b71c8e89f3,harmonise.bargains,available,17.99,26.49,high,low,9,namesilo,,,16/09/2026 22:55
44bb0f3b-b7ef-4882-adbe-63a238e7a64a,amber.bargains,available,17.99,26.49,high,low,5,namesilo,,,22/09/2026 03:52
b5fddf29-fd07-491f-ae62-d8d7c394255c,apes.bargains,available,11.96,24.83,medium,low,4,dynadot,,,29/09/2026 04:59
75e6321c-cc45-45de-92b9-b50e85b464d3,domed.bargains,available,14.98,37.98,high,low,5,namecheap,,,14/08/2026 15:37
73a18cd2-2791-4098-bb71-d10c7b3b643b,ryukyu.bargains,premium,,,medium,low,6,,,,30/09/2026 21:22
8b12daf3-c385-4227-adb0-023d9d9c05e7,prospering.bargains,available,14.98,37.98,medium,low,10,namecheap,,,10/08/2026 19:17
9ecb4ce5-7cb6-42c9-9973-5c6d3d51dca8,russians.bargains,available,17.99,26.49,medium,low,8,namesilo,,,27/09/2026 10:58
1c5938f1-bbcb-4eb6-870f-2fbb35c0f9b0,unstrung.bargains,available,14.98,37.98,medium,low,8,namecheap,,,12/09/2026 20:39
9ccae1ed-f49b-450f-8b98-3b64c781d089,hugging.bargains,available,17.99,26.49,high,low,7,namesilo,,,24/09/2026 12:55
066ec887-bb0c-4e51-9b41-55b4017c366c,overall.bargains,available,17.99,26.49,high,low,7,namesilo,,,26/09/2026 03:25
a54a7b76-9163-428e-acfa-34f0880183a7,boulevard.bargains,available,17,,medium,low,9,unstoppable,,,28/09/2026 18:27
ffd40271-e3f5-4bc7-8ed6-d6c46589005b,clonic.bargains,available,14.98,37.98,medium,low,6,namecheap,,,12/08/2026 12:02
eab6d802-1ee9-441f-9d24-c5fb740d15f2,northward.bargains,available,14.98,37.98,high,low,9,namecheap,,,03/09/2026 21:27
b7cea94b-6e02-49d0-95f2-e92caadf93b0,steal.bargains,available,13.14,23.94,high,low,5,spaceship,,,29/09/2026 05:35
1c0b6580-da32-44fd-991f-57139f9da0d6,argyle.bargains,available,17.99,26.49,high,low,6,namesilo,,,20/09/2026 04:57
6ada5b48-05f8-4058-896c-088cdf398995,basaltic.bargains,available,14.98,37.98,medium,low,8,namecheap,,,08/08/2026 21:29
aad3ed32-a525-4230-8f8a-c1abdb1250c0,unhappiness.bargains,available,21.99,,medium,low,11,name.com,,,
21b018e9-1f09-4b0f-9bbd-7e88374dc1bc,arabesque.bargains,available,17.99,26.49,high,low,9,namesilo,,,19/09/2026 23:28
a98e0079-7da3-401f-9580-54f8fbb14dfc,geothermic.bargains,available,14.98,37.98,medium,low,10,namecheap,,,18/08/2026 22:41
15d8023d-6aa8-406f-8091-ecc94f5ba82e,thrashing.bargains,available,14.98,37.98,medium,low,9,namecheap,,,13/09/2026 07:54
0554947b-d47b-4529-b061-6b5fe225f2ff,mega.bargains,resell,,,high,medium,4,Porkbun LLC,25/04/2026 23:39,25/04/2027 23:39,30/09/2026 23:43
e68a12e3-fdef-41ab-ac0f-30d67a8ac4a0,inbox.bargains,available,13.14,23.94,high,medium,5,spaceship,,,01/10/2026 02:34
74a19a6b-7f04-499c-b613-826ee2f8a24b,activate.bargains,available,14.98,37.98,high,low,8,namecheap,,,28/09/2026 06:46
115e35bc-eb9c-4313-bac0-06654fcc95b2,loveliness.bargains,available,17.99,26.49,high,low,10,namesilo,,,22/09/2026 22:21
38b71484-a07a-48a8-98ef-e92d75003d13,lords.bargains,available,17.99,26.49,medium,low,5,namesilo,,,28/09/2026 16:19
a54a63d8-4fd0-4a89-a3c7-b3761ae6db37,present.bargains,available,13.14,23.94,high,low,7,spaceship,,,28/09/2026 12:04
4358eed8-371c-40b2-a126-7666e5b2efe1,hines.bargains,available,17.99,26.49,high,low,5,namesilo,,,27/09/2026 07:58
89340ca5-f24f-4c94-9047-01ee21ce181c,excavation.bargains,available,17.99,26.49,high,low,10,namesilo,,,20/09/2026 01:55
1da59be5-c46d-45ac-988a-76bf843624df,dysgenic.bargains,available,14.98,37.98,low,low,8,namecheap,,,11/08/2026 12:30
53acf1f4-b7f7-4c65-9a1d-bdb093498519,bok.bargains,available,17,,high,low,3,unstoppable,,,30/09/2026 19:18
cfded3a4-3660-4723-835b-15a3cbeb6485,lancaster.bargains,available,13.14,23.94,high,low,9,spaceship,,,29/09/2026 19:11
3e87848a-63b5-4ef4-919d-771c95ba8248,aquavit.bargains,available,17.99,26.49,medium,low,7,namesilo,,,18/09/2026 00:16
1072f880-2d9a-4b8d-aa27-ae0aca3c510c,farseeing.bargains,available,14.98,37.98,medium,low,9,namecheap,,,14/08/2026 22:22
43ed992e-965b-4f25-9aef-c54ba47a263b,terribly.bargains,available,17.99,26.49,medium,low,8,namesilo,,,22/09/2026 15:23
b02b973b-8533-48f5-b05e-623056c67993,ioc.bargains,available,11.84,24.2,high,low,3,porkbun,,,28/09/2026 07:36
5c624d6e-aee0-4e75-8988-0f5a101d1ac5,callaway.bargains,available,13.14,23.94,high,low,8,spaceship,,,29/09/2026 23:03
b4edccb1-6ce4-4824-b76f-85b43fff5fe2,adapa.bargains,available,17.99,26.49,medium,low,5,namesilo,,,17/09/2026 06:23
e0ffc976-01d4-457f-8cf2-cb5443cf7ba7,electoral.bargains,available,14.98,37.98,high,low,9,namecheap,,,16/08/2026 02:37
1cb370c9-cd96-4c26-827c-42c253019bc1,cent.bargains,available,14.98,37.98,high,low,4,namecheap,,,08/09/2026 08:07
ee446781-addd-415f-beeb-1969269f2638,luo.bargains,available,17,,high,low,3,unstoppable,,,29/09/2026 07:30
54d8415b-9209-456c-924c-914029d1e713,likeable.bargains,available,14.98,37.98,high,low,8,namecheap,,,23/08/2026 06:11
d7e0bb54-1247-4778-bde0-17134108fa15,neolithic.bargains,available,14.98,37.98,medium,low,9,namecheap,,,03/09/2026 15:25
60bf6e58-23dc-40ae-8edc-895ee33fe89d,sacred.bargains,available,17.99,26.49,high,low,6,namesilo,,,24/09/2026 23:19
2cc5b6ce-5155-4d1c-9a48-3742d11b9987,haverhill.bargains,available,17.99,26.49,medium,low,9,namesilo,,,30/09/2026 05:35
56b093f5-16a2-4b74-8d18-d4f47f256179,zirconium.bargains,available,17.99,26.49,medium,low,9,namesilo,,,20/09/2026 23:04
7b59629f-049a-4a5d-8197-969fd5824100,vasco.bargains,available,23.2,23.2,high,low,5,cloudflare,,,29/09/2026 09:56
8077f18f-3e05-40dc-b312-f9028be64615,blackness.bargains,available,14.98,37.98,medium,low,9,namecheap,,,10/08/2026 10:54
c818caa8-310b-4c80-8586-8ff46a4caa15,antitype.bargains,available,17.99,26.49,medium,low,8,namesilo,,,19/09/2026 15:14
bdf93757-91c3-4069-97fe-bb3ac298bd69,blat.bargains,available,14.98,37.98,medium,low,4,namecheap,,,10/08/2026 13:38
fb82651b-5588-43ef-9e1b-f01da8aacccc,businessmen.bargains,available,11.96,24.83,high,low,11,dynadot,,,28/09/2026 08:52
682e0da4-aa3d-40b6-8bfd-0b680dcace98,millie.bargains,available,13.14,23.94,high,low,6,spaceship,,,29/09/2026 09:08
16f57030-efa8-4f51-8dd8-45828f4b38e9,categorically.bargains,available,21.99,,medium,low,13,name.com,,,
c1ad4901-0880-445c-a97e-4521357851be,biota.bargains,available,21.99,43.99,high,low,5,name.com,,,23/09/2026 19:05
27eff790-a413-4480-9516-2d3b80c6407c,robotic.bargains,available,14.98,37.98,high,low,7,namecheap,,,29/09/2026 14:07
cf57136e-04ba-42a8-af5c-587f76d582c0,landward.bargains,available,14.98,37.98,medium,low,8,namecheap,,,15/09/2026 10:39
d9794515-bb77-4a0e-a46a-f668261120f2,sikkim.bargains,available,13.14,23.94,medium,low,6,spaceship,,,30/09/2026 02:52
ec5bb956-954c-47a0-9ad7-b40c94c3caa1,auburn.bargains,available,17.99,26.49,high,low,6,namesilo,,,22/09/2026 12:02
328056cb-822e-4fdc-bfdc-118a9977a2d0,accelerated.bargains,available,17.99,26.49,high,low,11,namesilo,,,29/09/2026 14:30
08d752f9-7605-4c6b-981b-a70fd7056279,eskimo.bargains,available,13.14,23.94,high,low,6,spaceship,,,30/09/2026 09:35
eca22955-f8cf-4e9c-b96f-e5edbc872713,gallery.bargains,available,17.99,26.49,high,low,7,namesilo,,,20/09/2026 09:55
676d5a8f-25b4-444e-bd0c-5c9792aa35db,fifth.bargains,available,14.98,37.98,high,low,5,namecheap,,,
397b56e6-b3c8-496b-9541-28f72229a3c9,tangent.bargains,available,17,,high,low,7,unstoppable,,,01/10/2026 04:00
5b5f0eb4-76f8-4392-a919-e359e5a16c5d,kin.bargains,available,14.98,37.98,high,low,3,namecheap,,,22/08/2026 16:00
7f8bbdac-1c81-4e22-b520-cef1285f431c,acapulco.bargains,available,14.98,37.98,high,low,8,namecheap,,,16/09/2026 21:10
4cd7e3bd-ab2e-45aa-b46e-42620178b7fd,ics.bargains,available,17.99,26.49,high,low,3,namesilo,,,28/09/2026 21:49
70e1ccc8-747c-4d8c-9dc6-c00d8648299b,bedhead.bargains,available,21.99,,medium,low,8,name.com,,,
e985371b-df42-4edf-8460-478739e19130,mbe.bargains,available,17.99,26.49,high,low,3,namesilo,,,28/09/2026 22:27
47c51d5c-cfb5-4b31-867e-a8cc93335636,npr.bargains,available,13.14,23.94,high,low,3,spaceship,,,28/09/2026 07:36
c1d6448f-c184-466a-b682-653c21158a67,directly.bargains,available,17.99,26.49,high,low,8,namesilo,,,24/09/2026 10:41
39a36d62-d6b5-40a0-8547-ee000c4608fc,parsimony.bargains,available,14.98,37.98,medium,low,9,namecheap,,,08/09/2026 14:39
c55a67e8-71e6-4b08-aff8-c1e56ae98ca0,antipasto.bargains,available,14.98,37.98,medium,low,9,namecheap,,,19/09/2026 14:52
bd5c8e65-2df4-4d5c-be38-9dd9d4d11d56,ranked.bargains,available,14.98,37.98,high,low,6,namecheap,,,20/08/2026 17:38
6021b078-ad04-4953-aad2-772bdc5a0388,exegetic.bargains,available,14.98,37.98,medium,low,8,namecheap,,,17/08/2026 16:59
dc42492a-8300-4058-9444-2c04893f4b77,mulish.bargains,available,14.98,37.98,low,low,6,namecheap,,,21/08/2026 00:45
b4b17cd3-4383-4181-bfdb-26c4fae7134c,rom.bargains,available,13.14,23.94,high,low,3,spaceship,,,28/09/2026 19:13
404a4c7a-f4bf-40f3-9b60-afe21cf509c1,able.bargains,available,17.99,26.49,high,low,4,namesilo,,,21/09/2026 13:57
d8cf11fe-2468-43f5-8e2d-dac73b2db44c,thirdly.bargains,available,14.98,37.98,medium,low,7,namecheap,,,11/09/2026 13:39
bac70554-7709-4831-a7cb-8b5c5fe76aca,witnessing.bargains,available,13.14,23.94,high,low,10,spaceship,,,30/09/2026 12:14
4d42be35-559f-4646-8b99-19d7fafeb46c,abridged.bargains,available,14.98,37.98,high,low,8,namecheap,,,
5629f4f5-8797-4382-99bb-b60bcbdb6d38,flown.bargains,available,23.2,23.2,medium,low,5,cloudflare,,,28/09/2026 17:01
f03e2f0e-c4a4-42ba-ae37-3765c9566ef1,resister.bargains,available,14.98,37.98,medium,low,8,namecheap,,,17/09/2026 10:48
25f41ccc-7e65-401d-af04-c3d414c4dd78,benny.bargains,available,14.98,37.98,high,low,5,namecheap,,,23/09/2026 08:22
39154d96-45a1-4650-987f-f7203069112c,alcazar.bargains,available,17.99,26.49,medium,low,7,namesilo,,,18/09/2026 03:51
86d5a08f-c53f-4325-b09d-038d6d5a0d32,acrylamide.bargains,available,17.99,26.49,medium,low,10,namesilo,,,17/09/2026 04:00
fa23be69-8b73-48d5-b91e-4af47862425b,vitiate.bargains,available,14.98,37.98,medium,low,7,namecheap,,,13/08/2026 02:22
514d4a51-87c7-4787-af32-0191e65f3e43,rhymed.bargains,available,14.98,37.98,medium,low,6,namecheap,,,09/09/2026 16:51
2cb3036f-951d-418f-9537-c64e607935c7,lipscomb.bargains,available,14.98,37.98,medium,low,8,namecheap,,,30/09/2026 17:55
15b26184-7551-4bc3-b8d3-3efe9d6d1c9f,outlaws.bargains,available,17.99,26.49,medium,low,7,namesilo,,,30/09/2026 07:41
4aa22722-9d17-4f36-be0d-9cd763f19fc7,foolishly.bargains,available,14.98,37.98,medium,low,9,namecheap,,,14/09/2026 19:22
39edd77f-daf2-469b-b406-0a76c5900e64,miserable.bargains,available,14.98,37.98,high,low,9,namecheap,,,
84c33f5c-5c69-4264-b1b4-272772a438aa,uno.bargains,premium,38.94,38.94,high,medium,3,namesilo,,,28/09/2026 21:47
e95e77c3-b0bc-4279-a925-346d68f578e2,arras.bargains,available,17.99,26.49,medium,low,5,namesilo,,,20/09/2026 08:49
83d4cbe5-0050-4a0a-9806-8a67d9f37188,pager.bargains,available,17.99,26.49,high,low,5,namesilo,,,23/09/2026 01:32
5cc8106f-e134-49a7-908f-ede6b269acd3,dexter.bargains,available,14.98,37.98,high,low,6,namecheap,,,14/08/2026 05:26
f5a6d999-0644-4b6a-b6a4-3377ab134942,theoretical.bargains,available,11.84,24.2,medium,low,11,porkbun,,,29/09/2026 03:03
ed61f4ee-9f8d-4e80-970c-98319482bac8,lullaby.bargains,available,17.99,26.49,high,low,7,namesilo,,,23/09/2026 09:09
f5f1fcc0-fa57-4c20-854e-7ae206e5a40b,jacobite.bargains,available,11.96,24.83,high,low,8,dynadot,,,29/09/2026 01:23
708f859b-9fa4-4525-91ff-09786c0b4a63,counselling.bargains,available,17.99,26.49,high,low,11,namesilo,,,17/09/2026 12:13
7716033a-970c-451a-a285-c0d939f3be07,speculate.bargains,available,17,,high,low,9,unstoppable,,,29/09/2026 11:01
df0a2412-7e38-4513-8596-78d9b538a82b,ole.bargains,available,21.99,,high,low,3,name.com,,,
a2380232-912e-44c8-bd87-b3efea526a58,criteria.bargains,available,14.98,37.98,high,low,8,namecheap,,,
f588f0f9-5cfd-4f24-9e58-af4aac5e4915,indicated.bargains,available,17.99,26.49,medium,low,9,namesilo,,,28/09/2026 12:56
054d5340-46f7-4785-8141-2e1b82c660d6,answering.bargains,available,17.99,26.49,high,low,9,namesilo,,,22/09/2026 05:38
f833be87-d0ca-4f26-be0e-d6f12dc82dd4,proficient.bargains,available,17.99,26.49,high,low,10,namesilo,,,21/09/2026 17:23
57a77a83-14cc-4e7d-956f-6145c9bff3bb,calender.bargains,available,13.14,23.94,medium,low,8,spaceship,,,29/09/2026 05:50
ca20497f-06be-4219-aafe-7eb53c59560e,milestone.bargains,available,13.14,23.94,high,low,9,spaceship,,,30/09/2026 02:17
f2c3c1c9-10bd-49a3-b061-f4135311ab05,dishonour.bargains,available,13.14,23.94,medium,low,9,spaceship,,,29/09/2026 15:45
ef59e634-385e-4626-ae85-4cbed14640e0,autogiro.bargains,available,14.98,37.98,medium,low,8,namecheap,,,21/09/2026 06:22
920c57db-c0c5-47de-94b0-0664521552b1,cassie.bargains,available,14.98,37.98,high,low,6,namecheap,,,16/09/2026 20:12
0e3944aa-6697-402c-bd7b-58692ccb1ed4,slenderize.bargains,available,14.98,37.98,medium,low,10,namecheap,,,10/09/2026 10:53
94009764-d136-4085-8aa8-75bb44035134,lithe.bargains,available,17,37.98,high,low,5,unstoppable,,,28/09/2026 07:58
c12d0685-0744-4e4a-97e3-03eb0e7b3c46,ours.bargains,available,17,,high,low,4,unstoppable,,,28/09/2026 04:28
d9f9e4ae-1174-461b-906c-bae69ad6aaa3,silvervine.bargains,available,17.99,26.49,medium,low,10,namesilo,,,17/09/2026 04:49
14fc9d37-61f7-4046-ba44-7173cc7147ff,clash.bargains,available,13.14,23.94,high,low,5,spaceship,,,29/09/2026 09:50
ab12f6e6-05a5-4c36-9950-d9f76c1f5ddf,libyan.bargains,available,14.98,37.98,high,low,6,namecheap,,,23/08/2026 00:54
52292e95-53a2-41e9-82f7-b117bb859447,ashton.bargains,available,17.99,26.49,high,low,6,namesilo,,,20/09/2026 14:00
dac130a8-e15a-4c82-aefa-f3d9ed00ad2c,remiss.bargains,available,14.98,37.98,medium,low,6,namecheap,,,09/09/2026 13:46
e07d3674-9429-449d-928d-438dc99f6fbe,corrupted.bargains,available,17.99,26.49,medium,low,9,namesilo,,,23/09/2026 23:59
72b736a1-d852-405a-b53e-3458db21ff84,semantic.bargains,available,14.98,37.98,high,low,8,namecheap,,,10/09/2026 02:16
82c9a83f-1b8c-465d-8574-4d2cba2941a6,glad.bargains,available,14.98,37.98,high,low,4,namecheap,,,22/09/2026 18:28
1daceecb-c25a-4eb7-8c8c-45dc95558865,abandonment.bargains,available,23.2,23.2,medium,low,11,cloudflare,,,29/09/2026 22:48
e43eb40d-23e0-4105-9ca6-1915653f25c6,abilities.bargains,available,17.99,26.49,high,low,9,namesilo,,,17/09/2026 04:45
4b5dd675-7a29-4383-bd52-28ce1f648510,allegory.bargains,available,14.98,37.98,high,low,8,namecheap,,,18/09/2026 10:41
a731ab15-b927-4054-b87c-fb06ced0832e,fishermen.bargains,available,17.99,26.49,medium,low,9,namesilo,,,29/09/2026 10:38
59ed8c68-fff9-406e-ad63-e6e8f74e5105,pass.bargains,available,17.99,26.49,high,low,4,namesilo,,,27/09/2026 02:49
2de53d8a-e79e-4a64-90b5-146d59fc730a,pressure.bargains,available,17.99,26.49,high,low,8,namesilo,,,24/09/2026 23:12
85488405-9ce4-4306-a63c-6710be86762d,ideologic.bargains,available,14.98,37.98,medium,low,9,namecheap,,,21/08/2026 18:04
51faf41f-d1dd-4dad-a0ce-d2e8405d00a7,flaky.bargains,available,14.98,37.98,high,low,5,namecheap,,,10/08/2026 10:06
d2cafc46-7e8f-465e-afc2-6a51c35a5474,vor.bargains,available,13.14,23.94,medium,low,3,spaceship,,,30/09/2026 03:38
0bcdd40d-61d7-49b4-a618-362f44f1622f,ground.bargains,available,17.99,26.49,high,low,6,namesilo,,,29/09/2026 17:40
9bd09bdc-a954-403a-a874-92486f975ce6,ramsey.bargains,available,14.98,37.98,high,low,6,namecheap,,,25/09/2026 15:22
6464e0b4-b960-4960-86b7-42322c334721,signs.bargains,available,14.98,37.98,high,low,5,namecheap,,,17/09/2026 04:39
775c5bee-7087-4403-b937-0e86aa1c3a64,immortal.bargains,available,14.98,37.98,high,low,8,namecheap,,,21/08/2026 21:12
4e92422f-6cbc-4730-9e1e-6e44926199d5,chargeable.bargains,available,14.98,37.98,medium,low,10,namecheap,,,12/08/2026 02:27
36a02b20-58dc-4a28-9718-96bc493a09fd,mckay.bargains,available,17.99,26.49,high,low,5,namesilo,,,25/09/2026 16:25
f1a1a2cd-5a77-49b4-83eb-cdd41ee86c75,undeniably.bargains,available,17.99,26.49,medium,low,10,namesilo,,,16/09/2026 09:52
9e1b37f2-7421-4973-95bd-7108cf94fa93,caffeine.bargains,available,17.99,26.49,high,low,8,namesilo,,,24/09/2026 11:38
de5322ec-1542-4309-b3f8-8c69b707c5d3,through.bargains,available,17.99,26.49,high,low,7,namesilo,,,24/09/2026 11:40
79831047-451f-4aae-94bc-e852bb4de0ab,geriatric.bargains,available,14.98,37.98,medium,low,9,namecheap,,,18/08/2026 22:42
e1b95db1-88d7-4bf8-be97-36c6e6e3b07f,survive.bargains,available,17.99,26.49,high,low,7,namesilo,,,25/09/2026 11:10
8fa1abe3-a4e1-4be4-8d89-123b1d502f9a,inactive.bargains,available,14.98,37.98,medium,low,8,namecheap,,,22/08/2026 00:11
3a959473-0220-4013-9d87-f7ecf642f77b,zdv.bargains,available,17.99,26.49,medium,low,3,namesilo,,,21/09/2026 11:32
9998fedd-3fb6-47e5-9de7-290f49792a7c,epistolary.bargains,available,14.98,37.98,high,low,10,namecheap,,,17/08/2026 11:14
11e702df-22be-4c55-9a75-14bc1f0a2cf6,jefferson.bargains,available,17.99,26.49,high,low,9,namesilo,,,25/09/2026 23:16
1d45f514-66ed-40c6-be51-4e26e6f69f31,amniota.bargains,available,17.99,26.49,medium,low,7,namesilo,,,18/09/2026 22:27
d2e2845c-3e11-4df8-af71-81eaad1d8e36,transcription.bargains,available,13.14,23.94,medium,low,13,spaceship,,,29/09/2026 23:27
4dbc8a10-f0e0-4baa-b677-7c7c4d59a2f8,zealous.bargains,available,14.98,37.98,high,low,7,namecheap,,,13/09/2026 15:10
15659c53-4113-4b36-9920-311df584f619,beautician.bargains,available,14.98,37.98,high,low,10,namecheap,,,22/09/2026 22:22
d93752eb-40a7-44a2-bb5e-b412c7614b04,hollering.bargains,available,17.99,26.49,medium,low,9,namesilo,,,23/09/2026 06:21
682df17c-0002-4d71-879f-ec697fb8cd2e,beside.bargains,available,17.99,26.49,high,low,6,namesilo,,,01/10/2026 03:19
64883a41-f15a-4dcd-854e-f219852571d9,condoms.bargains,available,17,,medium,low,7,unstoppable,,,30/09/2026 07:27
5fda5073-a8f1-482f-a48e-fe3de3985629,temper.bargains,available,17.99,26.49,high,low,6,namesilo,,,27/09/2026 04:28
0618ab40-5976-43b4-963e-5155c4f21553,pristine.bargains,available,14.98,37.98,high,low,8,namecheap,,,27/09/2026 06:11
d841152e-f9a3-4696-b5a0-753b6b2b31b3,raion.bargains,available,23.2,23.2,high,low,5,cloudflare,,,30/09/2026 20:23
dc4ce05b-3a5a-44c1-ae0d-d8286d9a1ecc,dam.bargains,available,17.99,26.49,high,low,3,namesilo,,,29/09/2026 00:35
fa09301d-675b-4c30-8461-9f9f536cf97c,mare.bargains,available,14.98,37.98,high,low,4,namecheap,,,29/09/2026 12:21
d73d6be4-215a-46f1-97e2-4552d17d5747,alkyl.bargains,available,17.99,26.49,medium,low,5,namesilo,,,18/09/2026 08:34
1aa51702-e72d-42c4-a3da-15778750b8d8,prolonged.bargains,available,14.98,37.98,high,low,9,namecheap,,,14/08/2026 18:34
74d3e037-1c71-4b3c-b376-f93bb959b1d9,timed.bargains,available,14.98,37.98,high,low,5,namecheap,,,11/09/2026 16:00
bb7894e8-b093-48d6-924e-8a90d1505cee,matrix.bargains,available,13.14,23.94,high,medium,6,spaceship,,,29/09/2026 21:35
e9ecd9ab-8c2c-49dd-94fa-82fd7f889539,decatur.bargains,available,17.99,26.49,medium,low,7,namesilo,,,27/09/2026 03:44
81b9d379-2c5d-49b5-a76f-1baf5528cdfc,methane.bargains,available,17,,high,low,7,unstoppable,,,29/09/2026 13:25
022dfef1-a375-418b-8b6e-d4578d4dea0a,impossibly.bargains,available,14.98,37.98,medium,low,10,namecheap,,,15/09/2026 04:27
858062d2-26ba-432b-8ff8-04aee03238f5,bolster.bargains,available,13.14,23.94,medium,low,7,spaceship,,,29/09/2026 03:17
713efd2a-476d-4ad3-b1a5-b5fd988dcdd5,rarified.bargains,available,14.98,37.98,medium,low,8,namecheap,,,17/08/2026 15:46
64334fc9-ca1b-4c02-9be1-781c36002082,hla.bargains,available,17.99,26.49,high,low,3,namesilo,,,29/09/2026 09:14
be6bc6e6-68e8-48fc-9474-084f5e6f10e2,morning.bargains,available,21.99,45.99,high,low,7,godaddy,,,28/09/2026 01:56
cd93e985-c91c-45d6-be8d-043d62bc55f1,democrat.bargains,premium,33.5,38.94,high,low,8,unstoppable,,,29/09/2026 13:56
3fc1ca2b-4b7e-461b-ae6f-71394aa100c3,legibly.bargains,available,14.98,37.98,medium,low,7,namecheap,,,14/09/2026 11:06
c538f9df-ae7f-4481-b174-e707fe75136b,refractive.bargains,available,14.98,37.98,medium,low,10,namecheap,,,13/08/2026 23:32
17f43819-ff5d-41e0-a050-24c2e408f6f0,stream.bargains,available,17.99,26.49,high,medium,6,namesilo,,,27/09/2026 05:33
b63b83a8-4887-4de8-8ddf-0f238bb39827,sinless.bargains,available,14.98,37.98,medium,low,7,namecheap,,,21/08/2026 21:57
a34cf7e2-9599-43f7-be97-c0763c660c7f,glib.bargains,available,14.98,37.98,medium,low,4,namecheap,,,20/08/2026 14:26
2ca7e38a-5d9c-4072-9100-eb2799fe618c,thorium.bargains,available,17.99,26.49,high,low,7,namesilo,,,21/09/2026 00:04
3df9a543-7168-47aa-942c-1400fb2a5d2e,acrostic.bargains,available,14.98,37.98,medium,low,8,namecheap,,,17/09/2026 03:59
10fb5935-1593-4973-961d-7d1a7646a78c,testate.bargains,available,14.98,37.98,medium,low,7,namecheap,,,11/09/2026 12:00
0500d9b4-317d-4a6a-8413-415689a3104c,wonder.bargains,available,23.2,23.2,high,medium,6,cloudflare,,,29/09/2026 13:03
640ce630-208f-46d6-9ec7-2a0a6929e2f7,mentioning.bargains,available,14.98,37.98,medium,low,10,namecheap,,,17/09/2026 21:20
86e389c2-bc4c-434d-86d2-10b6ef154f4e,rhythmical.bargains,available,14.98,37.98,high,low,10,namecheap,,,09/09/2026 17:05
d109175d-eeb2-4c3f-85ba-d6f7c9cc5584,zealot.bargains,available,14.98,37.98,medium,low,6,namecheap,,,08/09/2026 02:10
e47d58b1-e288-4d82-a1ef-5eed7ae12007,unsparing.bargains,available,14.98,37.98,medium,low,9,namecheap,,,22/08/2026 21:11
a1777f2b-0111-438a-b767-f5da4f765fec,inadequate.bargains,available,14.98,37.98,medium,low,10,namecheap,,,22/08/2026 00:12
170eecc8-7d1a-43a8-acbe-396c961b95da,castrate.bargains,available,14.98,37.98,medium,low,8,namecheap,,,16/08/2026 07:07
7a289c44-9c28-4cf4-bc12-49ad45267219,buddhism.bargains,available,23.2,23.2,high,low,8,cloudflare,,,30/09/2026 00:55
85084733-c966-400a-b251-168941118f42,lutecium.bargains,available,17.99,26.49,medium,low,8,namesilo,,,20/09/2026 23:39
70effcfb-056c-4b9c-9812-b06a1498c67e,lynchpin.bargains,available,17.99,26.49,high,low,8,namesilo,,,21/09/2026 15:18
b5035f84-8059-4237-989a-5c732ae5d5eb,secrets.bargains,available,14.98,37.98,medium,low,7,namecheap,,,25/09/2026 19:59
c3de80ed-f688-427b-bbc8-48cb732f9fa0,plank.bargains,available,13.14,23.94,medium,low,5,spaceship,,,29/09/2026 01:50
12da8432-431a-49e1-8523-97cc5b4455a1,phial.bargains,available,17.99,26.49,medium,low,5,namesilo,,,18/09/2026 23:47
7f2ed478-ae78-4c11-9891-a6d89f983d88,citrus.bargains,available,17.99,26.49,high,low,6,namesilo,,,30/09/2026 01:03
5135842f-3d4f-4093-8374-ba5c51115693,weekends.bargains,available,17.99,26.49,high,low,8,namesilo,,,20/09/2026 22:23
45f28737-749d-4154-a42a-0392ba3e0176,organ.bargains,available,17,,high,low,5,unstoppable,,,29/09/2026 17:54
7e02c7c3-8bdc-4a64-afb9-08a79d1d0330,toxicant.bargains,available,14.98,37.98,medium,low,8,namecheap,,,08/09/2026 22:42
94ff2359-b961-4a26-84ca-1ab337e61eb0,soundable.bargains,available,14.98,37.98,medium,low,9,namecheap,,,17/08/2026 23:44
5b06f5cc-2049-4c8c-abb5-913ce5c0d6fe,workmanship.bargains,available,17.99,26.49,high,low,11,namesilo,,,16/09/2026 08:15
48d2a6f2-86a6-447a-9410-b880f6fd0b66,jude.bargains,available,17,,high,low,4,unstoppable,,,29/09/2026 18:47
886438f2-7e59-40f2-8cb2-5ae94c507d61,primordial.bargains,available,14.98,37.98,high,low,10,namecheap,,,09/09/2026 02:06
b5e07d62-2964-4370-bc99-df6ebb78b37d,eristic.bargains,available,14.98,37.98,medium,low,7,namecheap,,,17/08/2026 12:17
a11702ea-d52e-481f-aa21-2aa6201049fd,alopecia.bargains,available,17.99,26.49,medium,low,8,namesilo,,,18/09/2026 13:18
13e2f88e-3367-4684-8cde-154dec7365ee,zone.bargains,premium,78.54,78.54,high,low,4,namesilo,,,29/09/2026 16:21
60fe272f-7009-49bb-8076-f6eeb6822be2,relied.bargains,available,17.99,26.49,medium,low,6,namesilo,,,20/09/2026 05:00
2d911ad5-d7c1-45c8-b280-4dcebad89d6d,tug.bargains,available,21.99,45.99,high,low,3,godaddy,,,30/09/2026 01:50
76d2b62f-c449-4bc3-ba73-e66fa82e3dd2,sketches.bargains,available,13.14,23.94,medium,low,8,spaceship,,,28/09/2026 23:25
7fbab762-aedf-49d4-9b46-2476ef9e8adf,satiate.bargains,available,14.98,37.98,high,low,7,namecheap,,,09/09/2026 14:28
60731cba-744f-49bc-badb-49daac29656a,loaded.bargains,available,14.98,37.98,high,low,6,namecheap,,,
a816ddaf-af55-4653-86f8-94ded3c43529,unitedly.bargains,available,17.99,26.49,medium,low,8,namesilo,,,16/09/2026 10:08
2730ae12-89cc-47ee-9d4b-7f71e288db29,seasoned.bargains,available,14.98,37.98,high,low,8,namecheap,,,10/09/2026 01:00
9b8f45b6-afcf-45cd-8ec8-5c0c5fb405d9,tan.bargains,available,14.98,37.98,high,low,3,namecheap,,,11/09/2026 07:50
200afefa-9050-40d6-80a4-025dbef202f1,expansive.bargains,available,14.98,37.98,high,low,9,namecheap,,,17/08/2026 18:00
66b63a62-d6d4-4515-afe2-a8dd3109c951,investigation.bargains,available,17.99,26.49,high,low,13,namesilo,,,25/09/2026 17:01
c8ce94da-3c76-47d4-923e-20692bca7498,mindful.bargains,available,14.98,37.98,high,low,7,namecheap,,,24/08/2026 23:36
2fede1b3-8ea8-46c7-8b38-99b18e6a5d80,kidnapped.bargains,available,17.99,26.49,medium,low,9,namesilo,,,27/09/2026 03:07
3e64a95d-3cb3-480a-b8dd-ccc8e39acc2c,adds.bargains,available,17.99,26.49,medium,low,4,namesilo,,,18/09/2026 14:32
f75d5a2c-7bd5-4367-8b86-464671fbe31e,boring.bargains,available,17.99,26.49,high,low,6,namesilo,,,23/09/2026 00:20
352fe699-5e46-4dea-9ee5-4b3ad8990ef7,taradiddle.bargains,available,17.99,26.49,medium,low,10,namesilo,,,21/09/2026 23:52
0ea5d5c7-d153-4e84-944e-f3154c91b418,heterosexual.bargains,available,11.96,24.83,high,low,12,dynadot,,,29/09/2026 08:29
d49b1e8f-41be-43b9-b50d-e9b8ca9c1887,streetfighter.bargains,available,21.99,,medium,low,14,name.com,,,
384b2063-ecb0-45db-acf8-a591d24ecaac,kane.bargains,available,17.99,26.49,high,low,4,namesilo,,,27/09/2026 07:59
0125ac6f-d98c-4640-9d57-98d7598711de,unhatched.bargains,available,14.98,37.98,medium,low,9,namecheap,,,12/09/2026 12:05
83a198bf-7a36-4c61-8be8-0de9e0e79cdb,tomato.bargains,available,11.96,24.83,high,low,6,dynadot,,,30/09/2026 03:31
06d05c5d-cb7a-4b62-a752-c36971a5aab4,altair.bargains,available,17.99,26.49,medium,low,6,namesilo,,,18/09/2026 14:31
df67a997-8c4b-46f8-af30-21c4d7f5263b,madrid.bargains,available,17.99,26.49,high,low,6,namesilo,,,29/09/2026 06:59
e45fee2d-d4eb-4e7f-a9ef-3e0e6909e265,colfax.bargains,available,17.99,26.49,medium,low,6,namesilo,,,30/09/2026 13:56
05385ebb-96a7-4705-ba2e-504bfa253d24,yosef.bargains,available,13.14,23.94,medium,low,5,spaceship,,,30/09/2026 22:02
d2065b8f-106d-411a-936e-6f2b2c1cedf9,comments.bargains,available,17.99,26.49,medium,low,8,namesilo,,,17/09/2026 01:39
49120ad7-1df3-4888-9c41-209ba285cee0,scalp.bargains,available,17.99,26.49,high,low,5,namesilo,,,29/09/2026 08:01
8eb8ae9a-3b63-46d9-9118-0bb7491a263d,stew.bargains,available,17.99,26.49,medium,low,4,namesilo,,,28/09/2026 09:50
ae263604-e1da-4a49-b7c9-d42dff5a1e35,crawling.bargains,available,23.2,23.2,medium,low,8,cloudflare,,,28/09/2026 05:30
33d9ae0a-135a-4f7c-b58f-7c61f9bffd86,anklet.bargains,available,17.99,26.49,high,low,6,namesilo,,,19/09/2026 09:41
8e3dc84c-afe9-4bb9-a636-166b38e43213,forgets.bargains,available,13.14,23.94,medium,low,7,spaceship,,,30/09/2026 16:05
d0ee95b3-d675-48f9-953f-5cdbfb218f63,punky.bargains,available,17.99,26.49,medium,low,5,namesilo,,,23/09/2026 22:32
da29528d-6c26-4b7d-b62a-1dfc40aa0f46,graded.bargains,available,14.98,37.98,high,low,6,namecheap,,,20/08/2026 17:36
1c76b9a4-8e6e-4eee-87c9-39bdb6ade167,vitamins.bargains,available,17.99,26.49,medium,low,8,namesilo,,,28/09/2026 08:13
44b90469-2875-4a82-b825-dc6033499849,pellucid.bargains,available,14.98,37.98,high,low,8,namecheap,,,13/08/2026 09:44
9589c699-ce1b-4762-98af-15ee1647e361,cynthia.bargains,available,17.99,26.49,high,low,7,namesilo,,,20/09/2026 10:13
0f3f0190-ea38-442d-813b-04b9ca720935,win.bargains,premium,78.54,78.54,high,medium,3,namesilo,,,25/09/2026 11:02
dc070093-cb91-4c8b-9fe4-383543396110,psp.bargains,available,17.99,26.49,high,low,3,namesilo,,,30/09/2026 04:37
62cbd5b9-5a3b-4800-9dc6-123cf49364bc,mnemonic.bargains,available,14.98,37.98,high,low,8,namecheap,,,25/08/2026 02:12
5a717c38-1f8b-480e-8924-2980fa884247,upc.bargains,available,13.14,23.94,high,low,3,spaceship,,,30/09/2026 21:48
60cb7d58-f7b2-4eec-9cbd-1aa9a3679d72,fret.bargains,available,11.96,24.83,high,low,4,dynadot,,,01/10/2026 01:19
53d4861a-e34f-4e8e-85fc-82ab7671597c,biographic.bargains,available,14.98,37.98,high,low,10,namecheap,,,10/08/2026 01:58
49bdc4a5-3ff3-4053-9472-fcc1f1e5512e,stubbs.bargains,available,14.98,37.98,medium,low,6,namecheap,,,28/09/2026 20:34
1b2668fd-3975-4847-a991-d67e53384435,speed.bargains,available,17.99,26.49,high,medium,5,namesilo,,,25/09/2026 06:43
fb27538a-6aea-458d-9312-65c5f7a231ee,sails.bargains,available,13.14,23.94,high,low,5,spaceship,,,28/09/2026 23:18
f955f768-3bcd-493a-958e-d550694d6f7a,calamity.bargains,available,13.14,23.94,medium,low,8,spaceship,,,30/09/2026 16:33
b5fccf14-e172-4bbf-93fb-540c69e7640c,sedgy.bargains,available,14.98,37.98,medium,low,5,namecheap,,,10/09/2026 01:38
4749e503-dd77-41a1-9e7f-bbd6190dbc8b,homesteads.bargains,available,17,,medium,low,10,unstoppable,,,30/09/2026 07:32
19fcd700-2dee-4091-9198-c481c8becd9f,ontario.bargains,available,23.2,23.2,high,low,7,cloudflare,,,30/09/2026 17:50
69df63a0-ed13-4415-9071-a73267580c76,curt.bargains,available,14.98,37.98,medium,low,4,namecheap,,,11/08/2026 07:05
3a002b49-a825-450b-9a5b-c4b261adc983,betaine.bargains,available,17.99,26.49,medium,low,7,namesilo,,,23/09/2026 11:03
08099552-3a37-40eb-9751-c4b4f3d8ca44,darkened.bargains,available,21.99,43.99,medium,low,8,name.com,,,13/08/2026 18:08
9f0de13a-271b-4955-8242-00e933d31ba8,unconfused.bargains,available,14.98,37.98,medium,low,10,namecheap,,,12/09/2026 01:27
b2d83dbf-40b0-448f-a214-45edcad28002,enormously.bargains,available,14.98,37.98,medium,low,10,namecheap,,,14/09/2026 15:47
fc68dea5-6f0e-44c2-8459-fbd8393dd222,awakening.bargains,available,13.14,23.94,high,low,9,spaceship,,,28/09/2026 23:36
3c09939d-e462-425d-95aa-8e8090a0a1fc,sir.bargains,premium,38.94,38.94,high,low,3,namesilo,,,26/09/2026 00:18
c5d5186a-3792-41be-ac3c-0bee39bf46c9,crucify.bargains,available,14.98,37.98,medium,low,7,namecheap,,,14/08/2026 21:17
204771de-9e01-4435-b1ef-7450672266c2,malian.bargains,available,14.98,37.98,high,low,6,namecheap,,,24/08/2026 14:00
32a2f790-c4e7-4dfa-bc7f-08e2057c5318,tyrolean.bargains,available,14.98,37.98,medium,low,8,namecheap,,,11/09/2026 22:33
d4747dd9-7992-45e0-b38b-153e239953a6,proxy.bargains,available,13.14,23.94,high,medium,5,spaceship,,,30/09/2026 02:30
bf2d4a39-064b-47e7-ad8d-86c0121d078c,una.bargains,available,13.14,23.94,high,low,3,spaceship,,,29/09/2026 14:42
8e772a80-dfdb-4719-9de8-3e5ddc6b51ac,firefighters.bargains,available,21.99,45.99,medium,low,12,godaddy,,,01/10/2026 00:47
52721b70-aa17-48b7-b4b3-f21c57287e6c,anthropology.bargains,available,17,,high,low,12,unstoppable,,,29/09/2026 16:22
63c024bf-dec5-4208-914f-7938fc9e980a,acquitted.bargains,available,14.98,37.98,high,low,9,namecheap,,,
0ec6953b-047a-4dee-8564-7b2b137dc1e4,lightly.bargains,available,17.99,26.49,high,low,7,namesilo,,,25/09/2026 13:36
abe3bb42-c65e-4d8c-9bd6-5729a9ae30d1,depend.bargains,available,14.98,37.98,high,low,6,namecheap,,,30/09/2026 18:33
fa5739c4-f867-4745-a223-6e38a6635f28,allograph.bargains,available,14.98,37.98,medium,low,9,namecheap,,,18/09/2026 11:54
50b8420a-22c0-41c8-8f03-1b557b3875c8,saler.bargains,available,21.99,,high,low,5,name.com,,,
d781470a-16ad-4038-b41e-dc388fbe5e24,digging.bargains,available,17.99,26.49,high,low,7,namesilo,,,27/09/2026 13:02
4ecf1929-33b9-48de-a31c-28f1b7b4e3c5,harvest.bargains,available,17.99,26.49,high,low,7,namesilo,,,24/09/2026 19:41
0fb0e4f4-b7d5-4faa-bc0c-1a217b583e3f,tel.bargains,premium,500,,high,low,3,name.com,,,
914b4784-26a7-4708-b2c1-62be4cfcfa80,pudendal.bargains,available,14.98,37.98,medium,low,8,namecheap,,,09/09/2026 05:28
27d815b8-d461-4516-889e-4fe1cd84fd0b,bankbook.bargains,available,17.99,26.49,high,low,8,namesilo,,,22/09/2026 02:44
c77f097e-5203-4cc3-b3b7-15a3d0334bfa,butchery.bargains,available,14.98,37.98,medium,low,8,namecheap,,,16/09/2026 14:16
ff135216-1a37-489e-a378-afe04047eab5,caro.bargains,available,17.99,26.49,high,low,4,namesilo,,,29/09/2026 03:48
9209ed4a-19f5-4663-98b9-02dde07aa7c4,jump.bargains,available,17.99,26.49,high,low,4,namesilo,,,22/09/2026 02:34
603e0a9b-364d-46ed-8cfa-a0fa6c84b5ac,coral.bargains,available,17.99,26.49,high,low,5,namesilo,,,23/09/2026 23:19
7e57f8f9-a12c-41f3-81e9-077467d476dc,lewd.bargains,available,14.98,37.98,high,low,4,namecheap,,,22/08/2026 20:07
94d5326d-cb0a-4af5-a83c-2862eaf617f9,cacophonic.bargains,available,14.98,37.98,low,low,10,namecheap,,,11/08/2026 12:33
1f682757-a3b7-4ab7-a01f-a774fcfe3618,abroach.bargains,available,14.98,37.98,medium,low,7,namecheap,,,
de2fbbc0-7f11-4fed-9766-1c688df00dcd,holloway.bargains,available,14.98,37.98,high,low,8,namecheap,,,26/09/2026 03:22
47220963-5bab-497b-a53a-854e17ef8fce,oppenheimer.bargains,available,17.99,26.49,medium,low,11,namesilo,,,28/09/2026 21:40
cce87d4a-65fc-449a-885d-3f2bd3e9c465,valladolid.bargains,available,17,,medium,low,10,unstoppable,,,29/09/2026 22:02
2cc86984-7971-4e93-b766-4ef19b98f419,repay.bargains,available,17,,high,low,5,unstoppable,,,28/09/2026 06:39
465141c0-21fa-4d12-b30f-42ae8e396962,proper.bargains,available,17.99,26.49,high,low,6,namesilo,,,27/09/2026 07:40
feaf5a35-8643-4a59-9cdb-459c03376115,wolverhampton.bargains,available,17.99,26.49,medium,low,13,namesilo,,,29/09/2026 21:58
7459eaed-b54f-447b-a12e-7635f0f8e730,hopeful.bargains,available,17.99,26.49,high,low,7,namesilo,,,22/09/2026 09:48
7056f5eb-272e-4c61-89ac-070697f5d2c5,trauma.bargains,available,17.99,26.49,high,low,6,namesilo,,,25/09/2026 07:04
69f715da-4bfb-4116-9bd0-58d835f9ff1a,baldr.bargains,available,14.98,37.98,medium,low,5,namecheap,,,21/09/2026 21:35
09dd6b4f-c184-426d-a020-ab6d39986a41,overweight.bargains,available,14.98,37.98,high,low,10,namecheap,,,18/08/2026 08:04
6ec75551-d8cc-4053-8fae-24513c4e0e0a,judgments.bargains,available,23.2,23.2,medium,low,9,cloudflare,,,30/09/2026 15:26
5582499f-0f21-47b3-9ff2-87d6537d3e3c,commandant.bargains,available,21.99,45.99,high,low,10,godaddy,,,01/10/2026 01:32
a3f27b73-45e6-476b-bce4-f94f63b3d0f4,mineral.bargains,available,14.98,37.98,high,low,7,namecheap,,,08/09/2026 16:39
8d4c4b1d-9018-46f8-82a1-197d4ec955dd,toronto.bargains,premium,,,high,low,7,,,,29/09/2026 02:20
1df6ea4e-1905-46b5-a934-4cb83f368bf5,altai.bargains,available,17,,high,low,5,unstoppable,,,30/09/2026 05:15
9c166d6f-512a-485d-9a66-101fc6711be4,sinuous.bargains,available,14.98,37.98,medium,low,7,namecheap,,,10/09/2026 08:38
da634130-0187-4645-aae4-ffc9b4fdb887,contemporary.bargains,available,13.14,23.94,high,low,12,spaceship,,,28/09/2026 15:37
5123fc78-5ea8-4d8f-a59c-60e874547308,nebraska.bargains,available,17.99,26.49,high,low,8,namesilo,,,29/09/2026 11:38
ad7940e0-85f6-415b-b0a3-f3e4e015dcc9,stevie.bargains,available,17.99,26.49,high,low,6,namesilo,,,28/09/2026 07:58
ca91d8c5-d7f1-4876-9239-7b0b1ab5e310,cucumber.bargains,available,11.84,24.2,high,low,8,porkbun,,,29/09/2026 12:58
3e17cd2f-8b9e-4c75-b456-9c8fe3119ea8,redberry.bargains,available,17.99,26.49,medium,low,8,namesilo,,,17/09/2026 04:20
3eb3cd38-82b1-45f9-a86b-8530bbeed678,drawing.bargains,available,23.2,23.2,high,low,7,cloudflare,,,29/09/2026 16:41
4fd3df8e-d70d-4c6f-b0dc-fe2893b4fccf,possessions.bargains,available,13.14,23.94,low,low,11,spaceship,,,28/09/2026 17:10
87aa3500-d60f-4366-a794-cbf10623ca85,kyiv.bargains,available,13.14,23.94,high,low,4,spaceship,,,30/09/2026 13:29
5b3c25e3-87bd-4498-a970-74ed25ea88c7,westerly.bargains,available,14.98,37.98,medium,low,8,namecheap,,,13/09/2026 10:53
9dbfad8f-6025-4c61-bc32-f262bcd4be1a,alloy.bargains,available,17.99,26.49,high,low,5,namesilo,,,17/09/2026 09:02
19f9fedf-db49-433e-bcf1-8f0df7dc6f4c,washed.bargains,available,14.98,37.98,high,low,6,namecheap,,,13/09/2026 08:31
7688ac43-c2d1-4699-b736-86cb2eb8ba5a,lady.bargains,available,11.96,24.83,high,low,4,dynadot,,,29/09/2026 20:47
6cc34a7f-59c3-4878-b395-865dcec1f437,lucifugous.bargains,available,14.98,37.98,low,low,10,namecheap,,,24/08/2026 10:55
9b4285ee-466b-4ab9-9a40-243a5cc97b70,relatives.bargains,available,14.98,37.98,medium,low,9,namecheap,,,27/09/2026 10:25
4b0f8540-1b38-48b0-9216-7a87823e8dd3,technol.bargains,available,23.2,23.2,medium,low,7,cloudflare,,,30/09/2026 06:44
a394457b-9692-4472-a519-512636962ab0,clock.bargains,available,23.2,23.2,high,low,5,cloudflare,,,29/09/2026 10:09
dc2a2983-ec85-44d4-a89b-085a1f047b8d,jonesboro.bargains,available,17,,medium,low,9,unstoppable,,,01/10/2026 02:47
07848371-dbbb-4c4b-a101-c0381f8780d4,elemental.bargains,available,14.98,37.98,high,low,9,namecheap,,,16/08/2026 03:29
35b505e6-4382-4c69-95d6-8320e20ba945,modestly.bargains,available,14.98,37.98,medium,low,8,namecheap,,,15/09/2026 15:13
0ae17dba-fb17-4614-9119-50683293cbb4,trashy.bargains,available,14.98,37.98,high,low,6,namecheap,,,18/08/2026 06:44
b67326bc-9f31-436a-9045-13fa321f4c56,bitterness.bargains,available,21.99,43.99,medium,low,10,name.com,,,17/09/2026 03:08
c7d857f7-dd59-4e17-bf19-8fb26639671a,agon.bargains,available,14.98,37.98,high,low,4,namecheap,,,17/09/2026 18:51
37f73c71-fee5-4123-97eb-a56dc0e85562,reluctant.bargains,available,14.98,37.98,medium,low,9,namecheap,,,24/08/2026 08:21
3a68d52e-f291-487c-992c-fc32c3dcc8f7,player.bargains,available,13.14,23.94,high,low,6,spaceship,,,01/10/2026 03:06
d27ddc45-9ece-43b6-bf61-2d506d928536,vertex.bargains,available,17.99,26.49,high,low,6,namesilo,,,19/09/2026 16:44
5e0eb07f-6080-45cd-ac4f-06b0046aaf59,diffusely.bargains,available,14.98,37.98,medium,low,9,namecheap,,,14/09/2026 12:36
0a4fa47a-6839-4d9e-9916-efc9b9b934e6,djs.bargains,available,17.99,26.49,medium,low,3,namesilo,,,30/09/2026 07:31
3d8f2e13-4b1f-4768-9e11-078ecf76408d,flowering.bargains,available,14.98,37.98,high,low,9,namecheap,,,18/08/2026 09:02
64cb8974-2119-41d1-b47d-a10abcd20cc4,derived.bargains,available,14.98,37.98,medium,low,7,namecheap,,,14/08/2026 03:07
01856126-036c-4c05-884e-14c49e052d61,usda.bargains,available,14.98,37.98,medium,low,4,namecheap,,,17/09/2026 19:25
60988768-1585-4ad5-8c10-4a2d7d508f53,postpartum.bargains,available,14.98,37.98,high,low,10,namecheap,,,09/09/2026 00:37
d6923a69-ba7e-41cc-9ff6-83b24e8b58cb,kathryn.bargains,available,14.98,37.98,high,low,7,namecheap,,,27/09/2026 07:34
5d70c267-f782-4e74-a5fe-b4f2d6d0ed7a,radiation.bargains,available,17.99,26.49,high,low,9,namesilo,,,17/09/2026 04:59
58860a4a-4f40-422f-b3ac-034578ded21b,counseling.bargains,available,17,23.94,high,low,10,unstoppable,,,01/10/2026 03:29
1527207a-a574-4f11-97c7-04327f803c38,dispersed.bargains,available,14.98,37.98,medium,low,9,namecheap,,,14/08/2026 11:56
313e76e8-dbe6-4356-a7ce-1ebf472b0253,wolfsbane.bargains,available,17.99,26.49,medium,low,9,namesilo,,,17/09/2026 02:06
5eb50180-354f-4bac-8c36-684dbd179e25,erse.bargains,available,14.98,37.98,medium,low,4,namecheap,,,18/08/2026 19:28
a6dcb452-de7a-43ea-afd7-5b7121d41a7e,backstay.bargains,available,17.99,26.49,medium,low,8,namesilo,,,21/09/2026 16:03
ea344898-7178-4fe8-acb7-152c524c8fff,unbent.bargains,available,14.98,37.98,medium,low,6,namecheap,,,12/09/2026 01:50
d93ee740-bae6-48a0-abe7-c23e2605cd29,metals.bargains,available,13.14,23.94,high,low,6,spaceship,,,30/09/2026 06:19
132a9290-7e7a-4106-afdf-c00804a3bfae,jubilant.bargains,available,14.98,37.98,high,low,8,namecheap,,,17/08/2026 19:46
c11f8f40-f3c5-48c7-9705-7b1c06434ab0,acapnia.bargains,available,14.98,37.98,high,low,7,namecheap,,,16/09/2026 21:08
077ce8a7-8ac6-439c-a241-d126228fd43c,customer.bargains,available,13.14,23.94,high,low,8,spaceship,,,30/09/2026 15:48
b8f4a80e-0c6c-47d9-b44e-a8167a4307ef,toitoi.bargains,available,17.99,26.49,medium,low,6,namesilo,,,20/09/2026 12:23
c9b3fbba-13c2-453b-b16e-5bdf86d74c35,handful.bargains,available,13.14,23.94,high,low,7,spaceship,,,28/09/2026 05:45
a9558c2f-ff74-4db1-91c0-498d3af6f16b,visibly.bargains,available,14.98,37.98,medium,low,7,namecheap,,,16/09/2026 11:04
6a8c2b5c-53d1-4f00-b3b6-98a7a9c93baf,backbiter.bargains,available,17.99,26.49,medium,low,9,namesilo,,,21/09/2026 15:08
ee36ee3b-2606-41f3-bade-085e042b5081,civil.bargains,available,14.98,37.98,high,low,5,namecheap,,,12/08/2026 09:03
36e3077f-5a53-4e76-98d2-3fab6f3822a2,affects.bargains,available,17.99,26.49,medium,low,7,namesilo,,,20/09/2026 03:57
d2135108-c11a-420d-aa55-6ac624641af4,dyadic.bargains,available,14.98,37.98,medium,low,6,namecheap,,,14/08/2026 21:52
a1f4ef78-3211-4299-95ee-07f05f4038b8,sauer.bargains,available,13.14,23.94,medium,low,5,spaceship,,,29/09/2026 22:40
069ecf48-9b17-455b-bcf2-1fbfe91a2167,monkey.bargains,available,17.99,26.49,high,medium,6,namesilo,,,30/09/2026 05:09
d8917371-3cbe-41ce-a77f-4892dc035ca6,vocative.bargains,available,14.98,37.98,medium,low,8,namecheap,,,13/09/2026 06:31
2b997b0e-2c62-4b2f-b8dc-3822b0594e19,type.bargains,available,14.98,37.98,high,low,4,namecheap,,,30/09/2026 14:06
b6583a0e-ef52-4451-9dbe-e0d596de347c,barterer.bargains,available,17.99,26.49,high,low,8,namesilo,,,22/09/2026 08:58
1270d15b-31c4-481e-8a7c-30819481198b,agronomic.bargains,available,14.98,37.98,medium,low,9,namecheap,,,
faa19481-27d7-4538-9cbd-9c466c989666,moroccan.bargains,available,14.98,37.98,high,low,8,namecheap,,,24/08/2026 16:17
6f3fa559-46ee-4f19-a604-893ea84054ed,relief.bargains,available,13.14,23.94,high,low,6,spaceship,,,01/10/2026 02:48
95a932cc-2cef-412f-9bf9-ab0b0e479f97,rehab.bargains,premium,512,512,high,low,5,namesilo,,,28/09/2026 22:56
86333937-6cf6-4f38-b108-ae663b2a3e63,waterloo.bargains,available,17.99,26.49,high,low,8,namesilo,,,22/09/2026 16:19
b6915909-f4a1-4133-be08-d0890939d9fa,crop.bargains,available,14.98,37.98,high,low,4,namecheap,,,24/09/2026 19:07
32976902-4009-4593-9715-0bf9bc92f568,narration.bargains,available,14.98,37.98,high,low,9,namecheap,,,03/09/2026 13:18
493641d6-c602-461e-b4b2-cf8655273c02,castles.bargains,available,13.14,23.94,medium,low,7,spaceship,,,30/09/2026 15:30
a10a7bf5-c191-43a1-a70b-0489ef05edbf,extraordinary.bargains,available,14.98,37.98,high,low,13,namecheap,,,30/09/2026 23:40
1f4a152c-2ed4-433e-880a-c423aaea5ab2,tristan.bargains,available,17.99,26.49,high,low,7,namesilo,,,29/09/2026 08:15
2c985a6a-29ba-4038-bcf9-1d0b678f788d,vinegar.bargains,available,17.99,26.49,high,low,7,namesilo,,,29/09/2026 08:17
faa73f2c-435d-4834-bb83-8dc7fff76ec5,burglary.bargains,available,23.2,23.2,medium,low,8,cloudflare,,,29/09/2026 00:17
796fb015-fc67-4b62-ac9d-c19fc33c880a,nodded.bargains,available,14.98,37.98,medium,low,6,namecheap,,,18/09/2026 03:34
876d5514-1c0b-4f1e-b42f-ecdf03796db0,coital.bargains,available,14.98,37.98,low,low,6,namecheap,,,12/08/2026 16:22
9f2bd0e1-d199-4f6b-adf9-ec0c879a80b5,tick.bargains,available,17.99,26.49,high,low,4,namesilo,,,24/09/2026 13:55
0940803f-0df7-4b2e-a815-fabd955ba2ac,directions.bargains,available,17.99,26.49,high,low,10,namesilo,,,27/09/2026 09:16
d4976f95-a8ab-43a3-bef4-96919e3994e8,actuate.bargains,available,14.98,37.98,high,low,7,namecheap,,,09/09/2026 03:15
d4991ee2-3a1c-4dc5-97f1-7ec407388a2a,adducent.bargains,available,14.98,37.98,medium,low,8,namecheap,,,
79d42455-9b3a-493d-ad28-4eee52b1b30d,sls.bargains,available,13.14,23.94,high,low,3,spaceship,,,30/09/2026 18:39
2ef0c588-3610-46ea-8bfc-867a4fe5c6b7,boaster.bargains,available,14.98,37.98,medium,low,7,namecheap,,,11/08/2026 01:18
56cb5f41-add6-4cd3-b5cb-2e7b8ca7a41f,objects.bargains,available,21.99,,medium,low,7,name.com,,,
3c9bae69-b985-45a9-9b7c-231e5b3b22ef,convent.bargains,available,13.14,23.94,high,low,7,spaceship,,,29/09/2026 11:58
50e3dd5a-7f78-420e-946c-568e1ab621fc,beat.bargains,premium,242,242,high,low,4,namesilo,,,29/09/2026 18:38
81a33470-4e03-421d-863d-d6077a275be2,andorran.bargains,available,14.98,37.98,medium,low,8,namecheap,,,
033d7a50-d539-4255-b7f8-1a3a7a066744,bigeye.bargains,available,14.98,37.98,high,low,6,namecheap,,,23/09/2026 15:04
e306c805-dff2-47e0-b695-b59640fd0051,acoustic.bargains,available,14.98,37.98,high,low,8,namecheap,,,
b8a01966-99b0-4134-b71d-4c6fbd02da14,monumental.bargains,available,14.98,37.98,high,low,10,namecheap,,,25/09/2026 17:13
e356fff1-4415-410e-bda3-4fc0e9c8b091,poised.bargains,available,14.98,37.98,high,low,6,namecheap,,,17/08/2026 11:38
807d906f-e073-4e61-a31e-3166e6ae78ac,successor.bargains,available,13.14,23.94,high,low,9,spaceship,,,30/09/2026 12:13
afc8ffc6-e03a-4784-b662-5382e8a7e208,gibb.bargains,available,17.99,26.49,medium,low,4,namesilo,,,29/09/2026 22:06
ea4d3315-e5f9-4c3f-877e-2bbde59cf709,shrimp.bargains,available,17,,high,low,6,unstoppable,,,29/09/2026 22:02
0f1c0fbf-ea3c-4360-8304-8d88ac1c0166,plagued.bargains,available,14.98,37.98,medium,low,7,namecheap,,,29/09/2026 03:23
48fc2b23-e183-4719-9de7-eee99d095f6e,tha.bargains,available,17.99,26.49,medium,low,3,namesilo,,,27/09/2026 06:52
7bf28e2e-b162-4b0e-b76e-8001263dd93a,guarding.bargains,available,17,,medium,low,8,unstoppable,,,28/09/2026 12:47
5ec92f21-de76-4a34-8070-d5e1777cb1b7,kosovo.bargains,available,17.99,26.49,high,low,6,namesilo,,,25/09/2026 23:25
9791c682-84a6-48d8-8de2-b49a4664e7aa,curtiss.bargains,available,13.14,23.94,high,low,7,spaceship,,,27/09/2026 12:50
52b1a874-bc7c-4e75-ab21-0c17a6f00a9e,tolstoy.bargains,available,17.99,26.49,medium,low,7,namesilo,,,01/10/2026 01:34
ddcec18b-57ce-492f-9583-e920bc85ac9c,tetragon.bargains,available,14.98,37.98,medium,low,8,namecheap,,,09/09/2026 07:24
51b8d801-432d-428e-8e3d-dfd2d27bbe72,alienage.bargains,available,17.99,26.49,medium,low,8,namesilo,,,18/09/2026 07:33
9e6f8294-08fd-4c1e-b25f-d6fd775fdd6d,lunisolar.bargains,available,14.98,37.98,medium,low,9,namecheap,,,24/08/2026 11:31
d982382a-d735-46f8-97cc-aa90e2df4a03,striation.bargains,available,17.99,26.49,medium,low,9,namesilo,,,22/09/2026 01:19
60dc259d-0775-47eb-a466-ec98a54e27ed,augustine.bargains,available,17.99,26.49,high,low,9,namesilo,,,21/09/2026 04:01
9fc96b69-f9f1-4aeb-bfc5-76ec0d70c666,lotion.bargains,available,13.14,23.94,high,low,6,spaceship,,,01/10/2026 02:55
df24169f-be4b-4d6f-a33f-9216148d996e,estuaries.bargains,available,13.14,23.94,low,low,9,spaceship,,,28/09/2026 12:58
3742fdc5-ff17-4c98-bef8-554e51653e0d,faber.bargains,available,13.14,23.94,high,low,5,spaceship,,,28/09/2026 04:12
c6a061af-d0c5-4e89-9bb1-94e168857aec,woe.bargains,available,14.98,37.98,high,low,3,namecheap,,,30/09/2026 19:07
89d76764-221a-41df-a269-8ba9767320e4,passage.bargains,available,13.14,23.94,high,low,7,spaceship,,,27/09/2026 13:23
ffa26def-08a2-4b2f-a7a9-673178e173dd,arcsec.bargains,available,17.99,26.49,medium,low,6,namesilo,,,20/09/2026 01:25
ae2e9b34-83e6-466d-afe9-193cf5329b37,rigil.bargains,available,17.99,26.49,medium,low,5,namesilo,,,18/09/2026 13:35
33c8b4f7-ffc3-416b-bfbb-6b8689c2d369,overloaded.bargains,available,14.98,37.98,medium,low,10,namecheap,,,04/09/2026 20:54
7c49d6c8-20da-4586-ab41-13052a8f2913,unlovely.bargains,available,14.98,37.98,medium,low,8,namecheap,,,12/09/2026 15:12
44dd6956-0fc3-490d-b337-1bde08ee8c74,anticipate.bargains,available,13.14,23.94,high,low,10,spaceship,,,30/09/2026 15:05
b744aa10-cae6-4cfc-aa2a-1bbfcb34b069,thrilly.bargains,available,14.98,37.98,medium,low,7,namecheap,,,18/09/2026 19:36
1c737799-cba9-4aec-a0cc-d2fd090bb33a,seafaring.bargains,available,14.98,37.98,medium,low,9,namecheap,,,04/09/2026 00:22
4704df3c-f520-46f4-aafb-ef7b2fd7ac1a,outspoken.bargains,available,14.98,37.98,high,low,9,namecheap,,,11/08/2026 16:45
7197a745-985b-42e2-bb19-fd438ce07f71,poets.bargains,available,14.98,37.98,medium,low,5,namecheap,,,28/09/2026 22:26
dc2f9484-906d-41bc-9add-3fa8b03be5ef,luggage.bargains,premium,118.8,118.8,high,low,7,namesilo,,,29/09/2026 00:30
4b3b3699-d1c9-4659-99be-edeb0ffb4dc9,technicality.bargains,available,21.99,,high,low,12,name.com,,,
4c1d33a0-9bf3-4631-8b00-64adaaf03122,obesity.bargains,available,17,,medium,low,7,unstoppable,,,30/09/2026 09:16
5718b4c5-d885-4c49-b756-c7ceea968ba6,arrived.bargains,available,17.99,26.49,medium,low,7,namesilo,,,17/09/2026 14:03
352b70d0-6daa-4aac-b265-bafd867328bf,pluperfect.bargains,available,14.98,37.98,medium,low,10,namecheap,,,08/09/2026 22:00
e3784705-c067-4172-9ffe-7178ad069268,sympatric.bargains,available,14.98,37.98,medium,low,9,namecheap,,,11/09/2026 06:05
6803cbee-951c-4b49-b9ff-0617dcc750aa,plantar.bargains,available,14.98,37.98,medium,low,7,namecheap,,,08/09/2026 20:50
e591b5ea-272e-41aa-aad2-1e2d47334987,bds.bargains,available,13.14,23.94,high,low,3,spaceship,,,30/09/2026 05:27
3840e466-22d8-4041-8098-a5a38d929923,commodity.bargains,available,17.99,26.49,high,low,9,namesilo,,,29/09/2026 10:26
56571207-d638-4b4f-b3bf-f426789b2f59,considerably.bargains,available,17,,medium,low,12,unstoppable,,,29/09/2026 14:23
9316f357-a3fd-4062-9b80-f75ea2d3f0c7,aristocracy.bargains,available,11.96,24.83,high,low,11,dynadot,,,30/09/2026 14:25
cd4fdc22-53ec-4187-9e92-ee0fd2abd294,beneath.bargains,available,11.96,24.83,medium,low,7,dynadot,,,28/09/2026 12:25
b332abfa-9d77-40b1-a5d5-4d9608effc6f,glooming.bargains,available,14.98,37.98,medium,low,8,namecheap,,,20/08/2026 14:41
d4edd781-8485-4666-8d94-0ef5fc19a8fa,ragamuffin.bargains,available,14.98,37.98,medium,low,10,namecheap,,,11/09/2026 09:09
10e27c41-abd1-49ac-977b-fa0aec720763,delectable.bargains,available,14.98,37.98,high,low,10,namecheap,,,14/08/2026 00:21
4b6b9e01-1a46-4c86-8292-da02131078a2,breastfeed.bargains,available,21.99,,high,low,11,name.com,,,
2c4523ce-43d6-43f3-8c04-1fc30821f278,biotype.bargains,available,14.98,37.98,medium,low,7,namecheap,,,23/09/2026 19:14
79e8adf0-6e76-4907-803d-6c0a901b78ab,mine.bargains,available,17.99,26.49,high,low,4,namesilo,,,25/09/2026 09:26
a8f882b8-8f42-41d9-9d23-80c3336a7871,interrupted.bargains,available,17.99,26.49,medium,low,11,namesilo,,,28/09/2026 08:46
899391a8-b23b-4985-8517-514ccc62dd4a,batholith.bargains,available,17.99,26.49,medium,low,9,namesilo,,,22/09/2026 13:43
bfadcb27-862d-40e9-be6e-99338a08361c,camo.bargains,available,11.96,24.83,high,low,4,dynadot,,,29/09/2026 06:06
89a8aa5a-0f8c-499d-a8ba-ac0a07fef16f,challenges.bargains,available,23.2,23.2,medium,low,10,cloudflare,,,29/09/2026 11:27
5166a23f-63f0-4ce8-b1cf-02f7818d1a0a,unerasable.bargains,available,14.98,37.98,medium,low,10,namecheap,,,22/08/2026 02:39
68030443-bdf2-4045-b74f-658e03aaf2e6,welcoming.bargains,available,14.98,37.98,high,low,9,namecheap,,,13/09/2026 10:14
0c6588c9-9eb6-4b17-a79d-5b0b19316661,arbitrager.bargains,available,17.99,26.49,medium,low,10,namesilo,,,20/09/2026 00:30